id,first_name,last_name,email,gender,country,domain,bird_date
1,Josias,Clackers,jclackers0@surveymonkey.com,Male,China,yolasite.com,1968-09-12
2,Nelson,Burdus,nburdus1@china.com.cn,Male,Venezuela,wsj.com,2008-01-19
3,Editha,Treswell,etreswell2@sina.com.cn,Female,Tanzania,rakuten.co.jp,2016-02-01
4,Camile,Tournie,ctournie3@issuu.com,Female,Canada,theatlantic.com,1995-12-17
5,Leonerd,Skelcher,lskelcher4@opera.com,Male,Ukraine,deliciousdays.com,2002-12-11
6,Tally,Moth,tmoth5@sfgate.com,Male,China,webs.com,2000-01-02
7,Duky,True,dtrue6@sina.com.cn,Male,Niger,mtv.com,1966-04-17
8,Reba,Duffit,rduffit7@indiegogo.com,Female,Guatemala,sciencedirect.com,1992-03-30
9,Elva,Delhanty,edelhanty8@ameblo.jp,Female,Sweden,histats.com,1956-09-02
10,Karlotte,Castanyer,kcastanyer9@google.es,Female,United States,opensource.org,2015-09-22
11,Conan,Pigney,cpigneya@mashable.com,Male,Armenia,indiegogo.com,2011-04-01
12,Lin,Amy,lamyb@mysql.com,Male,Colombia,hc360.com,2000-05-15
13,Erin,Custed,ecustedc@nps.gov,Female,Syria,paypal.com,2012-12-16
14,Ted,Falkingham,tfalkinghamd@walmart.com,Female,China,wikispaces.com,1966-12-26
15,Roderich,Curror,rcurrore@ameblo.jp,Male,Nigeria,nhs.uk,2006-08-06
16,Leisha,Ellin,lellinf@chicagotribune.com,Female,China,mozilla.com,1979-12-12
17,Luca,Waind,lwaindg@ibm.com,Male,Indonesia,deviantart.com,1948-04-17
18,Bertram,Lockyear,blockyearh@netlog.com,Male,Indonesia,qq.com,1969-02-11
19,Javier,Stitch,jstitchi@odnoklassniki.ru,Male,Brazil,springer.com,1993-06-25
20,Cyndia,Glossop,cglossopj@google.com.hk,Female,Jordan,tripadvisor.com,1985-03-29
21,Leah,Gillingwater,lgillingwaterk@ovh.net,Female,Poland,chronoengine.com,2002-11-15
22,Chauncey,Biggerdike,cbiggerdikel@ca.gov,Male,Portugal,1688.com,2002-06-04
23,Waverly,Lumber,wlumberm@mlb.com,Male,Russia,buzzfeed.com,1932-03-18
24,Lethia,Loblie,lloblien@privacy.gov.au,Female,Paraguay,salon.com,2014-01-13
25,Anjanette,Freiberg,afreibergo@sbwire.com,Female,Chile,ibm.com,2016-04-12
26,Ado,McGaughay,amcgaughayp@aboutads.info,Male,Netherlands,jalbum.net,2003-07-30
27,Celestyna,Siret,csiretq@1und1.de,Female,Greece,php.net,1972-05-04
28,Fifi,Dalrymple,fdalrympler@indiegogo.com,Female,Portugal,homestead.com,1971-11-19
29,Ivonne,Kennett,ikennetts@hatena.ne.jp,Female,France,accuweather.com,2013-03-14
30,Norrie,Woolaghan,nwoolaghant@ycombinator.com,Female,Philippines,lycos.com,1980-08-20
31,Tisha,Malim,tmalimu@rambler.ru,Female,Azerbaijan,dion.ne.jp,1967-09-06
32,Leroi,Muris,lmurisv@squarespace.com,Male,Morocco,multiply.com,1971-08-06
33,Web,Whight,wwhightw@usatoday.com,Male,Peru,pcworld.com,1963-02-21
34,Daisey,McGettrick,dmcgettrickx@fastcompany.com,Genderqueer,Canada,surveymonkey.com,2014-10-09
35,Ulric,Woolland,uwoollandy@hugedomains.com,Male,Philippines,ted.com,2009-05-19
36,Samuel,Challoner,schallonerz@com.com,Male,Georgia,so-net.ne.jp,2005-07-20
37,Clemmy,Palphramand,cpalphramand10@ocn.ne.jp,Female,China,google.com,1981-12-19
38,Guy,Gabler,ggabler11@about.me,Male,Russia,t.co,1966-11-17
39,Dinah,Grabert,dgrabert12@delicious.com,Female,Indonesia,craigslist.org,1933-04-27
40,Chen,Goneau,cgoneau13@google.de,Male,China,imageshack.us,1961-05-31
41,Tammie,Priddey,tpriddey14@blogtalkradio.com,Female,Czech Republic,google.com.hk,2003-04-28
42,Bryce,Ladloe,bladloe15@addtoany.com,Male,Mexico,tamu.edu,1983-06-17
43,Eldin,Ruskin,eruskin16@un.org,Male,Panama,dedecms.com,2010-03-14
44,Hildegarde,Gooddie,hgooddie17@wunderground.com,Female,Portugal,dion.ne.jp,1991-11-02
45,Lisle,Boniface,lboniface18@issuu.com,Male,Philippines,businesswire.com,1989-06-18
46,Anderea,Pitcock,apitcock19@networksolutions.com,Female,Poland,yellowbook.com,1943-10-12
47,Silvanus,Hendin,shendin1a@clickbank.net,Male,China,apple.com,1955-11-30
48,Butch,Kinsey,bkinsey1b@woothemes.com,Non-binary,Uzbekistan,netscape.com,1978-12-19
49,Donovan,Broyd,dbroyd1c@networkadvertising.org,Male,Indonesia,twitter.com,1941-01-06
50,Sheeree,Frisch,sfrisch1d@homestead.com,Female,Russia,loc.gov,1968-04-18
51,Celie,Neighbour,cneighbour1e@feedburner.com,Female,Poland,paginegialle.it,1960-10-17
52,Townie,Polhill,tpolhill1f@imageshack.us,Male,Costa Rica,yellowpages.com,1980-11-22
53,Britt,Arcase,barcase1g@instagram.com,Female,Slovenia,ftc.gov,1960-05-08
54,Emyle,Austins,eaustins1h@abc.net.au,Female,Djibouti,csmonitor.com,1980-12-04
55,Alvan,Norwell,anorwell1i@addtoany.com,Male,Myanmar,rambler.ru,2017-06-08
56,Tabby,Stilldale,tstilldale1j@loc.gov,Male,Philippines,cargocollective.com,1935-03-14
57,Arturo,Stranger,astranger1k@cnn.com,Male,Pakistan,furl.net,1990-01-03
58,Christophe,Schiersch,cschiersch1l@miitbeian.gov.cn,Male,Marshall Islands,ocn.ne.jp,2005-07-31
59,Raychel,Adanet,radanet1m@samsung.com,Female,China,japanpost.jp,1958-05-26
60,Saba,Ibotson,sibotson1n@51.la,Female,Indonesia,posterous.com,1965-10-07
61,Linnea,Pischel,lpischel1o@google.es,Female,Indonesia,so-net.ne.jp,1939-02-20
62,Kenon,Stille,kstille1p@friendfeed.com,Male,Portugal,columbia.edu,1991-05-09
63,Maritsa,Schwandermann,mschwandermann1q@qq.com,Female,China,delicious.com,1974-10-17
64,Henderson,Cutler,hcutler1r@google.co.uk,Male,China,surveymonkey.com,1980-12-12
65,Reade,Pariso,rpariso1s@addtoany.com,Male,Vietnam,icq.com,1958-02-24
66,Royce,Kineton,rkineton1t@sogou.com,Male,China,flickr.com,1944-05-21
67,Rose,Selly,rselly1u@forbes.com,Female,Brazil,linkedin.com,1958-05-07
68,Bennie,Docksey,bdocksey1v@newsvine.com,Male,China,disqus.com,2022-10-08
69,Bobbie,Walch,bwalch1w@mit.edu,Male,China,typepad.com,1963-07-09
70,Saba,Carlisi,scarlisi1x@ted.com,Female,China,mozilla.com,1967-03-15
71,Glen,Strelitz,gstrelitz1y@irs.gov,Non-binary,Dominican Republic,joomla.org,2001-09-30
72,Maxy,Hamfleet,mhamfleet1z@toplist.cz,Genderfluid,Argentina,dailymotion.com,2000-12-04
73,Elnar,Croker,ecroker20@apache.org,Bigender,Pakistan,msn.com,1999-04-23
74,Mickie,Portigall,mportigall21@youtube.com,Male,Nigeria,elpais.com,1976-06-18
75,Bartolomeo,Morgen,bmorgen22@engadget.com,Male,China,infoseek.co.jp,1935-08-22
76,Rees,Pitkeathley,rpitkeathley23@nymag.com,Male,Philippines,fema.gov,1934-06-14
77,Fowler,Gwyneth,fgwyneth24@flickr.com,Male,Colombia,webeden.co.uk,1949-07-24
78,Bonnie,Demanche,bdemanche25@europa.eu,Female,Poland,phpbb.com,1931-08-30
79,Kermit,Addie,kaddie26@apple.com,Male,Brazil,soup.io,1951-11-16
80,Burl,Leitch,bleitch27@mapquest.com,Male,Sweden,about.me,1967-12-19
81,Randell,Keegan,rkeegan28@usatoday.com,Genderqueer,Czech Republic,wikispaces.com,1986-11-27
82,Abbey,Hindenberger,ahindenberger29@shareasale.com,Bigender,Mexico,mediafire.com,2022-07-01
83,Ximenes,Martinuzzi,xmartinuzzi2a@tmall.com,Genderfluid,China,booking.com,1980-08-03
84,Torrance,Chattoe,tchattoe2b@feedburner.com,Male,China,state.gov,1951-01-28
85,Cammi,Horribine,chorribine2c@bbb.org,Female,United States,gnu.org,1939-04-02
86,Joanne,Linnock,jlinnock2d@unesco.org,Female,Nigeria,accuweather.com,2010-01-13
87,Caprice,Nester,cnester2e@google.nl,Female,China,nationalgeographic.com,2019-10-19
88,Waite,Doddrell,wdoddrell2f@businessinsider.com,Male,Ukraine,globo.com,1931-04-09
89,Graham,Gonnely,ggonnely2g@mapquest.com,Male,Portugal,studiopress.com,1986-03-30
90,Andreas,Linsley,alinsley2h@sphinn.com,Male,Finland,pbs.org,1961-08-03
91,Elias,Steel,esteel2i@epa.gov,Male,Burkina Faso,webnode.com,2012-09-18
92,Kaylyn,Sillis,ksillis2j@ihg.com,Female,Poland,oakley.com,1980-12-31
93,Perice,Tock,ptock2k@foxnews.com,Male,Estonia,ftc.gov,1972-08-24
94,Joelie,Searson,jsearson2l@com.com,Female,China,skype.com,2005-10-11
95,Pieter,Boddam,pboddam2m@dailymotion.com,Male,Russia,mapy.cz,2007-03-04
96,Felicity,Arderne,farderne2n@vimeo.com,Female,Vietnam,canalblog.com,1959-06-26
97,Gregoor,Marcos,gmarcos2o@unblog.fr,Male,Tajikistan,t-online.de,1947-03-29
98,Maxi,Thurling,mthurling2p@mit.edu,Female,El Salvador,photobucket.com,1979-07-18
99,Timmie,McLanachan,tmclanachan2q@smh.com.au,Male,Sweden,census.gov,2016-11-20
100,Hanna,Aymerich,haymerich2r@shinystat.com,Female,Vietnam,google.ru,1979-12-24
101,Virginia,Lambot,vlambot2s@wufoo.com,Female,Russia,weebly.com,2006-11-20
102,Lynea,Jahndel,ljahndel2t@yelp.com,Female,Philippines,prweb.com,1983-01-24
103,Onfroi,Iohananof,oiohananof2u@adobe.com,Male,France,unicef.org,1994-04-27
104,Waylen,Hawley,whawley2v@gov.uk,Male,China,woothemes.com,1997-11-23
105,Mireille,Yates,myates2w@npr.org,Female,Burkina Faso,shareasale.com,1937-05-21
106,Garvin,Moxted,gmoxted2x@timesonline.co.uk,Male,China,utexas.edu,1937-06-03
107,Finley,Tully,ftully2y@51.la,Male,Indonesia,chicagotribune.com,1938-04-19
108,Joella,Girardot,jgirardot2z@twitpic.com,Female,Sweden,unicef.org,1969-02-15
109,Galvin,Poll,gpoll30@goo.gl,Male,Honduras,home.pl,1997-12-05
110,Cornie,Jeavon,cjeavon31@amazon.co.uk,Female,Japan,wordpress.org,1941-06-30
111,Cynthea,Ciani,cciani32@livejournal.com,Female,Portugal,archive.org,1964-05-24
112,Mathias,Huck,mhuck33@ehow.com,Male,Poland,dailymail.co.uk,1944-10-06
113,Dulsea,Bartot,dbartot34@arstechnica.com,Female,China,qq.com,2000-03-23
114,Lorelle,Eddie,leddie35@rediff.com,Female,Indonesia,cornell.edu,2000-05-23
115,Hesther,Lydden,hlydden36@microsoft.com,Female,Indonesia,cbc.ca,1942-02-15
116,Tatiana,Hatchette,thatchette37@ted.com,Female,Lithuania,spotify.com,1993-07-20
117,Alexandre,Acedo,aacedo38@slideshare.net,Male,China,eventbrite.com,1972-06-16
118,Nollie,Skyrm,nskyrm39@sakura.ne.jp,Genderfluid,Japan,yandex.ru,1953-09-09
119,Hamil,Tomik,htomik3a@oracle.com,Male,Colombia,cdc.gov,1961-12-12
120,Mara,Schimank,mschimank3b@netlog.com,Female,Philippines,chicagotribune.com,2005-01-08
121,Shawn,Niess,sniess3c@engadget.com,Female,Indonesia,archive.org,1977-01-29
122,Nathaniel,Charlo,ncharlo3d@parallels.com,Male,Vietnam,blogs.com,2021-04-09
123,Tremain,Altamirano,taltamirano3e@xrea.com,Male,Sweden,ted.com,2020-11-05
124,Mohammed,Arnley,marnley3f@oracle.com,Male,Indonesia,creativecommons.org,1999-06-12
125,Paton,Eddy,peddy3g@chicagotribune.com,Male,Yemen,google.com.br,2006-04-01
126,Melisandra,Sleney,msleney3h@kickstarter.com,Polygender,China,icio.us,1942-11-08
127,Zared,Yuryev,zyuryev3i@miitbeian.gov.cn,Polygender,Indonesia,amazon.co.jp,2009-04-01
128,Gayla,Dominka,gdominka3j@prnewswire.com,Bigender,Morocco,bloglovin.com,2014-07-19
129,Austine,Adamovsky,aadamovsky3k@yolasite.com,Female,Afghanistan,ameblo.jp,1959-06-11
130,Rasla,Whittleton,rwhittleton3l@usda.gov,Non-binary,Sweden,hhs.gov,2002-11-01
131,Cindelyn,Willows,cwillows3m@behance.net,Female,Portugal,ox.ac.uk,2001-02-02
132,Lynnette,Ivanovic,livanovic3n@latimes.com,Female,Brazil,dagondesign.com,1983-11-11
133,Grata,Roostan,groostan3o@moonfruit.com,Female,Bosnia and Herzegovina,slashdot.org,2022-01-25
134,Tadeas,Bostock,tbostock3p@dyndns.org,Male,Estonia,tripadvisor.com,1962-02-04
135,Arri,Egdell,aegdell3q@photobucket.com,Male,China,nifty.com,1967-03-29
136,Hartley,Dansken,hdansken3r@fotki.com,Male,Sweden,google.com.hk,2015-07-20
137,Goddart,Noury,gnoury3s@sakura.ne.jp,Male,Indonesia,etsy.com,1984-01-24
138,Alanna,Laidel,alaidel3t@360.cn,Female,China,example.com,1974-04-13
139,Conant,Cottesford,ccottesford3u@cdc.gov,Male,Russia,elegantthemes.com,1994-08-09
140,Sarine,Siggens,ssiggens3v@ocn.ne.jp,Female,Brazil,google.ru,2019-10-30
141,Salli,Nagle,snagle3w@nifty.com,Female,Philippines,is.gd,1966-06-29
142,Loydie,Alwen,lalwen3x@symantec.com,Male,China,gmpg.org,1978-04-22
143,Elvira,Chaytor,echaytor3y@spiegel.de,Female,Ethiopia,twitter.com,1986-03-08
144,Syd,Pietruschka,spietruschka3z@live.com,Male,France,digg.com,2016-10-02
145,Dylan,Foltin,dfoltin40@smh.com.au,Male,Iran,live.com,1981-11-23
146,Joni,Gaul,jgaul41@virginia.edu,Female,Ukraine,last.fm,1961-03-21
147,Aili,Blandamore,ablandamore42@wsj.com,Female,Indonesia,forbes.com,1970-11-23
148,Obie,Kiff,okiff43@mapy.cz,Male,Laos,cam.ac.uk,1939-02-09
149,Adler,Seacroft,aseacroft44@360.cn,Male,Dominica,yale.edu,1948-11-24
150,Euphemia,MacFie,emacfie45@google.ca,Female,Syria,opensource.org,1957-07-30
151,Byram,Lapworth,blapworth46@tumblr.com,Male,China,gizmodo.com,1966-01-29
152,Lina,Girogetti,lgirogetti47@harvard.edu,Female,China,google.ru,1943-05-19
153,Whitby,Szymanski,wszymanski48@sbwire.com,Male,Democratic Republic of the Congo,yale.edu,2009-12-13
154,Benoit,Ledgeway,bledgeway49@cnn.com,Male,Costa Rica,pbs.org,1992-07-24
155,Glynnis,Lowton,glowton4a@twitpic.com,Female,China,dailymotion.com,1939-08-04
156,Thedric,Mitrovic,tmitrovic4b@examiner.com,Male,Russia,hubpages.com,1943-07-08
157,Jemimah,Kimmitt,jkimmitt4c@mlb.com,Female,Indonesia,dailymail.co.uk,1998-11-16
158,Seamus,O'Sullivan,sosullivan4d@flickr.com,Male,Brazil,wikispaces.com,1942-02-12
159,Maryellen,Morl,mmorl4e@so-net.ne.jp,Female,Russia,buzzfeed.com,1963-04-28
160,Guntar,Thain,gthain4f@webeden.co.uk,Male,Albania,ebay.com,1931-11-06
161,Atlante,Boas,aboas4g@trellian.com,Female,Guatemala,51.la,1945-02-17
162,Orville,Lemmertz,olemmertz4h@toplist.cz,Agender,Japan,arstechnica.com,1995-10-16
163,Drucie,Rubinlicht,drubinlicht4i@tinyurl.com,Female,Poland,netscape.com,1938-05-19
164,Ly,Luby,lluby4j@reuters.com,Male,Poland,reddit.com,1955-12-05
165,Englebert,Hook,ehook4k@dell.com,Male,Croatia,ow.ly,1947-11-04
166,Gris,Dahle,gdahle4l@house.gov,Male,Tanzania,guardian.co.uk,2001-07-22
167,Martita,Frail,mfrail4m@phpbb.com,Female,China,i2i.jp,1997-12-28
168,Jethro,Tampen,jtampen4n@mlb.com,Male,China,amazonaws.com,2019-03-26
169,Cathlene,Densie,cdensie4o@vkontakte.ru,Female,Philippines,wufoo.com,1999-01-09
170,Barris,Kasting,bkasting4p@pen.io,Male,Indonesia,about.me,1988-01-18
171,Dyna,Beagin,dbeagin4q@t-online.de,Female,Brazil,chicagotribune.com,1958-06-21
172,Clim,Dack,cdack4r@constantcontact.com,Bigender,Afghanistan,pcworld.com,1957-02-10
173,Brade,Beckey,bbeckey4s@google.nl,Male,Russia,google.com.au,1985-03-11
174,Kimball,Bastin,kbastin4t@loc.gov,Male,Indonesia,infoseek.co.jp,1931-04-04
175,Rozalie,Riccardi,rriccardi4u@dagondesign.com,Female,Greece,seattletimes.com,1959-05-09
176,Porter,Heathcote,pheathcote4v@lycos.com,Non-binary,Philippines,yellowbook.com,1976-04-23
177,Isacco,Rheaume,irheaume4w@tripod.com,Male,China,squidoo.com,1966-05-28
178,Brannon,Rasp,brasp4x@instagram.com,Male,Indonesia,pinterest.com,2002-06-23
179,Jervis,Bruckshaw,jbruckshaw4y@merriam-webster.com,Male,China,phoca.cz,2002-01-13
180,Doretta,Girardet,dgirardet4z@gmpg.org,Female,Indonesia,odnoklassniki.ru,2023-03-04
181,Randy,Crich,rcrich50@live.com,Female,Republic of the Congo,blog.com,1939-04-14
182,Duane,Mandrey,dmandrey51@chronoengine.com,Male,South Korea,addtoany.com,1988-02-02
183,Janel,Pluthero,jpluthero52@usgs.gov,Female,Peru,economist.com,2001-03-31
184,Agnella,Hay,ahay53@squidoo.com,Female,China,berkeley.edu,2001-10-22
185,Mohammed,Yegorov,myegorov54@mapquest.com,Male,Ivory Coast,ameblo.jp,1959-02-06
186,Biron,Pettendrich,bpettendrich55@parallels.com,Male,China,statcounter.com,1991-02-03
187,Bobbette,Winsper,bwinsper56@fda.gov,Female,Indonesia,macromedia.com,1968-09-21
188,Josey,Marien,jmarien57@freewebs.com,Female,Brazil,wisc.edu,1985-11-19
189,Ranna,Muselli,rmuselli58@elpais.com,Female,Poland,de.vu,1980-06-13
190,Retha,Carrack,rcarrack59@xinhuanet.com,Female,France,marriott.com,1996-05-29
191,Goober,Lambertson,glambertson5a@baidu.com,Male,Republic of the Congo,github.com,2017-07-15
192,Lavinie,Rentz,lrentz5b@youku.com,Female,United States,hostgator.com,2003-09-01
193,Juieta,Bamfield,jbamfield5c@skyrock.com,Non-binary,Indonesia,nymag.com,1976-05-05
194,Leslie,Kenlin,lkenlin5d@parallels.com,Male,Iran,myspace.com,1970-06-09
195,Pepi,Lettson,plettson5e@ucsd.edu,Female,Indonesia,simplemachines.org,1934-10-11
196,Denver,Vigours,dvigours5f@slashdot.org,Genderfluid,Colombia,nifty.com,1967-03-19
197,Blayne,Egerton,begerton5g@dyndns.org,Male,Lesotho,fotki.com,1956-12-10
198,Suzann,Thunnerclef,sthunnerclef5h@nbcnews.com,Female,France,tuttocitta.it,1992-06-09
199,Pasquale,Last,plast5i@squidoo.com,Male,Philippines,pbs.org,2011-08-22
200,Georgiana,Kettel,gkettel5j@dell.com,Female,Indonesia,vistaprint.com,1998-01-20
201,Marianna,Caple,mcaple5k@google.de,Female,Brazil,nytimes.com,2003-10-08
202,Theodore,Helleker,thelleker5l@nytimes.com,Male,Canada,chicagotribune.com,1953-07-24
203,Pia,Faldo,pfaldo5m@dailymotion.com,Polygender,Greece,exblog.jp,1931-02-01
204,Mateo,Wickins,mwickins5n@yellowbook.com,Male,Nigeria,live.com,1963-11-29
205,Filbert,Brient,fbrient5o@paginegialle.it,Male,Indonesia,scribd.com,1969-01-06
206,Elston,Duke,eduke5p@github.com,Bigender,Ukraine,merriam-webster.com,1987-03-28
207,Chauncey,Gallatly,cgallatly5q@sphinn.com,Genderfluid,Ukraine,nbcnews.com,1966-02-11
208,Eula,Longhorn,elonghorn5r@hubpages.com,Female,Argentina,icq.com,2011-08-15
209,Valli,Catchpole,vcatchpole5s@sciencedaily.com,Female,China,indiegogo.com,2005-06-06
210,Shelley,Remnant,sremnant5t@vimeo.com,Female,Indonesia,slideshare.net,1970-03-31
211,Addia,Timewell,atimewell5u@bravesites.com,Female,Ukraine,seesaa.net,1982-11-16
212,Tuck,Menear,tmenear5v@bloglines.com,Male,Russia,theglobeandmail.com,1934-12-24
213,Lothario,Rouby,lrouby5w@nyu.edu,Male,China,noaa.gov,2020-08-16
214,Bendix,Sives,bsives5x@t.co,Male,Indonesia,ebay.com,1939-01-18
215,Hurley,Whyborn,hwhyborn5y@time.com,Male,Ukraine,barnesandnoble.com,1949-11-17
216,Carly,Rubinsaft,crubinsaft5z@accuweather.com,Male,Indonesia,github.io,1948-01-13
217,Taite,Melesk,tmelesk60@mac.com,Male,China,chron.com,1959-06-26
218,Adams,Clancy,aclancy61@amazon.co.uk,Male,China,eventbrite.com,2006-03-19
219,Quintana,Sleightholm,qsleightholm62@samsung.com,Female,France,360.cn,1970-12-13
220,Lon,Lamanby,llamanby63@simplemachines.org,Non-binary,Indonesia,sciencedirect.com,1949-07-10
221,Pavla,Fransoni,pfransoni64@hp.com,Female,Indonesia,yale.edu,1968-07-04
222,Land,Himpson,lhimpson65@cyberchimps.com,Male,China,dedecms.com,1977-01-08
223,Becki,Jozefiak,bjozefiak66@hhs.gov,Female,Portugal,photobucket.com,2022-09-10
224,Alard,Beaven,abeaven67@skyrock.com,Male,China,nbcnews.com,2014-01-21
225,Silvanus,Lunck,slunck68@google.co.jp,Male,Japan,hud.gov,2023-08-29
226,Klarrisa,Hintze,khintze69@wired.com,Female,Armenia,timesonline.co.uk,2021-03-20
227,Alain,Huskinson,ahuskinson6a@github.com,Male,Sweden,wiley.com,2001-07-25
228,Hayyim,Lawtey,hlawtey6b@bloomberg.com,Male,Portugal,live.com,1937-06-17
229,Blake,Monkton,bmonkton6c@flickr.com,Bigender,Kuwait,issuu.com,1931-07-21
230,Saraann,Cammiemile,scammiemile6d@people.com.cn,Female,Indonesia,tripadvisor.com,1933-02-27
231,Selig,Weddell,sweddell6e@squidoo.com,Male,Mexico,ezinearticles.com,1993-06-05
232,Camilla,Magrane,cmagrane6f@twitpic.com,Female,Ukraine,ustream.tv,1938-02-07
233,Delcine,McCoish,dmccoish6g@businessinsider.com,Non-binary,China,indiatimes.com,2003-08-07
234,Dom,Fettis,dfettis6h@bloglovin.com,Male,China,chronoengine.com,1989-05-27
235,Sergent,Shurman,sshurman6i@goodreads.com,Male,Colombia,amazon.co.uk,1946-01-05
236,Florida,Tern,ftern6j@uiuc.edu,Female,United States,bizjournals.com,1987-11-08
237,Josie,Bedlington,jbedlington6k@jiathis.com,Female,Sweden,nyu.edu,1994-11-06
238,Theodor,Porson,tporson6l@ow.ly,Male,Brazil,oracle.com,2021-07-10
239,Paten,Penni,ppenni6m@twitpic.com,Male,China,hexun.com,1981-10-10
240,Maurizio,Styles,mstyles6n@free.fr,Male,China,bloglovin.com,1995-03-31
241,Joshia,Maddra,jmaddra6o@ox.ac.uk,Male,Myanmar,baidu.com,2010-09-20
242,Billi,Pitcaithley,bpitcaithley6p@gnu.org,Female,Brazil,php.net,1971-03-21
243,Gideon,Mathonnet,gmathonnet6q@mtv.com,Male,Portugal,mail.ru,1963-08-21
244,Pia,Skentelbery,pskentelbery6r@latimes.com,Female,Indonesia,washington.edu,2004-12-28
245,Shandee,Gandy,sgandy6s@jugem.jp,Female,Portugal,simplemachines.org,1935-03-04
246,Niel,Keen,nkeen6t@domainmarket.com,Male,China,newsvine.com,2002-09-25
247,Abeu,Bartolommeo,abartolommeo6u@bloomberg.com,Male,Greece,icq.com,1953-05-11
248,Hazel,Le Noir,hlenoir6v@theguardian.com,Male,Ukraine,jugem.jp,1996-12-15
249,Fidela,Pagett,fpagett6w@aol.com,Female,Russia,dot.gov,1977-03-01
250,Rafaellle,Lawrenceson,rlawrenceson6x@jalbum.net,Male,New Zealand,mayoclinic.com,2023-07-14
251,Page,Keneleyside,pkeneleyside6y@xing.com,Female,Philippines,topsy.com,1947-06-26
252,Elsi,Sparkwill,esparkwill6z@scientificamerican.com,Female,Indonesia,webnode.com,1962-12-29
253,Inge,Cherrison,icherrison70@imdb.com,Bigender,Russia,sourceforge.net,2000-07-22
254,Faulkner,Babst,fbabst71@bluehost.com,Male,Nigeria,google.ru,1931-06-27
255,Stafani,Schuricke,sschuricke72@adobe.com,Female,Brazil,unc.edu,2004-12-11
256,Drusilla,Dicty,ddicty73@chron.com,Agender,China,indiatimes.com,1936-08-07
257,Brandyn,Wolsey,bwolsey74@japanpost.jp,Male,Ukraine,reuters.com,1963-04-30
258,Calida,Spelling,cspelling75@51.la,Female,Czech Republic,virginia.edu,2003-08-11
259,Trescha,Alexsandrovich,talexsandrovich76@smugmug.com,Female,China,bluehost.com,2011-10-01
260,Michele,Argile,margile77@alibaba.com,Female,Czech Republic,flickr.com,2005-09-16
261,Marc,Gullefant,mgullefant78@google.co.jp,Male,Brazil,cam.ac.uk,1954-10-23
262,Tasia,Few,tfew79@tmall.com,Female,Indonesia,ustream.tv,1949-04-28
263,Berky,Crichmere,bcrichmere7a@weather.com,Male,France,paginegialle.it,1972-08-03
264,Franzen,Scatcher,fscatcher7b@cpanel.net,Male,Brazil,bandcamp.com,1980-11-12
265,Linet,Beyne,lbeyne7c@merriam-webster.com,Female,United States,samsung.com,1999-12-29
266,Tory,Cotillard,tcotillard7d@github.com,Female,Portugal,fc2.com,2012-12-01
267,Jennine,Gibbie,jgibbie7e@forbes.com,Agender,Brazil,geocities.com,1973-05-05
268,Elonore,Bloxsome,ebloxsome7f@patch.com,Female,Tanzania,webmd.com,1948-03-14
269,Perry,Waywell,pwaywell7g@wikipedia.org,Bigender,Indonesia,odnoklassniki.ru,1955-03-24
270,Annmaria,Snarr,asnarr7h@tmall.com,Female,Brazil,cpanel.net,1989-02-03
271,Rhianon,Tufts,rtufts7i@shop-pro.jp,Female,Indonesia,reuters.com,1975-03-19
272,Estel,Pattullo,epattullo7j@google.com,Female,Brazil,va.gov,1949-08-14
273,Dionisio,Dytham,ddytham7k@nydailynews.com,Male,Indonesia,weather.com,1985-03-03
274,Andi,Hunnicot,ahunnicot7l@bloglines.com,Female,China,wired.com,2004-07-03
275,Adria,Kinkade,akinkade7m@google.ca,Female,Indonesia,sakura.ne.jp,1958-02-10
276,Ruthy,Braim,rbraim7n@rakuten.co.jp,Female,Tanzania,unesco.org,1952-11-02
277,Mathian,Bulley,mbulley7o@comcast.net,Male,Cambodia,mediafire.com,2018-02-19
278,Myrna,Wilcher,mwilcher7p@com.com,Female,China,ebay.co.uk,1990-09-24
279,Thelma,Tewkesberrie,ttewkesberrie7q@latimes.com,Female,China,networksolutions.com,1971-09-27
280,Sonja,Pretti,spretti7r@china.com.cn,Female,Malaysia,netlog.com,1965-04-01
281,Jacklyn,Ewbanks,jewbanks7s@reference.com,Female,Afghanistan,hp.com,1989-11-02
282,Muhammad,Easum,measum7t@google.com,Male,Portugal,edublogs.org,1987-12-25
283,Frazer,Stembridge,fstembridge7u@answers.com,Male,Portugal,dell.com,1978-04-18
284,Buddie,Wolfendell,bwolfendell7v@huffingtonpost.com,Male,Sweden,odnoklassniki.ru,1984-10-08
285,Catrina,Ogdahl,cogdahl7w@psu.edu,Female,Vietnam,netlog.com,1988-06-19
286,Lennie,Joron,ljoron7x@surveymonkey.com,Male,Russia,princeton.edu,1962-10-19
287,Garner,Leggett,gleggett7y@utexas.edu,Male,Brazil,census.gov,1961-01-10
288,Kenna,Gouldie,kgouldie7z@1688.com,Female,Malta,japanpost.jp,1983-03-07
289,Raina,Roan,rroan80@qq.com,Female,Guatemala,reference.com,1981-08-20
290,Marys,Shakeshaft,mshakeshaft81@istockphoto.com,Female,Indonesia,time.com,1962-11-14
291,Elwyn,Audenis,eaudenis82@mtv.com,Male,Bangladesh,unblog.fr,2018-11-11
292,Raphael,Dutnell,rdutnell83@histats.com,Male,Portugal,craigslist.org,1933-09-24
293,Mohandas,Lepope,mlepope84@youtube.com,Male,Israel,bandcamp.com,1961-01-11
294,Menard,Brewett,mbrewett85@jalbum.net,Male,Afghanistan,woothemes.com,1994-08-30
295,Marianna,Toppes,mtoppes86@xing.com,Female,Japan,scientificamerican.com,1968-05-23
296,Afton,Schrei,aschrei87@wikispaces.com,Female,France,de.vu,2023-02-26
297,Laird,Barnes,lbarnes88@patch.com,Male,China,ucla.edu,1994-09-26
298,Yolanda,Kingzet,ykingzet89@comsenz.com,Female,Indonesia,webnode.com,1973-09-01
299,Elisha,Refford,erefford8a@rambler.ru,Male,China,tuttocitta.it,2010-09-05
300,Ardelle,Lee,alee8b@pinterest.com,Female,Brazil,privacy.gov.au,2013-05-02
301,Ike,Hanson,ihanson8c@google.cn,Male,Russia,cpanel.net,2012-08-10
302,Lisha,Tipens,ltipens8d@hud.gov,Female,Indonesia,ebay.com,2015-02-21
303,Rees,Casiero,rcasiero8e@joomla.org,Male,Peru,google.com.hk,1993-02-20
304,Evangelia,Gush,egush8f@networkadvertising.org,Female,China,berkeley.edu,1959-03-03
305,Chane,Le Ball,cleball8g@weather.com,Male,South Africa,cam.ac.uk,1953-03-07
306,Dulsea,Harries,dharries8h@list-manage.com,Female,Portugal,51.la,2012-01-18
307,Kristoforo,Lestor,klestor8i@mayoclinic.com,Male,Croatia,census.gov,2003-05-13
308,Bryon,Vickers,bvickers8j@i2i.jp,Male,United States,ameblo.jp,1947-06-07
309,Bernardo,Whisson,bwhisson8k@nature.com,Male,China,dell.com,2020-10-06
310,Vannie,Welsh,vwelsh8l@geocities.com,Female,Myanmar,utexas.edu,1984-11-12
311,Wyndham,Bane,wbane8m@vkontakte.ru,Male,China,webeden.co.uk,1994-03-16
312,Brad,Esby,besby8n@unicef.org,Male,China,ox.ac.uk,2016-03-16
313,Poul,Float,pfloat8o@desdev.cn,Male,United States,ucsd.edu,1947-07-30
314,Uriel,Dunklee,udunklee8p@mediafire.com,Male,China,state.tx.us,2019-08-26
315,Rozalin,Ritmeier,rritmeier8q@unc.edu,Female,France,hc360.com,1970-11-28
316,Esta,Cubin,ecubin8r@mail.ru,Female,Greece,stanford.edu,1993-04-08
317,Deva,Convery,dconvery8s@paginegialle.it,Female,Canada,deviantart.com,1936-07-19
318,Todd,Ashlee,tashlee8t@salon.com,Male,Brazil,shinystat.com,1996-10-25
319,Danya,Dalli,ddalli8u@barnesandnoble.com,Male,China,webmd.com,2012-04-28
320,Byrom,Yeulet,byeulet8v@fda.gov,Bigender,China,princeton.edu,1935-04-22
321,Gerda,McCerery,gmccerery8w@senate.gov,Female,Indonesia,hhs.gov,2008-12-17
322,Gardie,Charopen,gcharopen8x@uol.com.br,Male,Argentina,bbc.co.uk,1966-11-18
323,Terry,Starcks,tstarcks8y@gizmodo.com,Male,Brazil,bizjournals.com,1977-07-17
324,Henrie,Bedinham,hbedinham8z@soundcloud.com,Female,Poland,ebay.com,2009-12-26
325,Dedra,MacKaig,dmackaig90@scribd.com,Genderqueer,Portugal,bizjournals.com,1977-09-19
326,Vincents,Mudge,vmudge91@fema.gov,Agender,Russia,bing.com,1941-07-02
327,Dagmar,Skudder,dskudder92@gmpg.org,Female,Nigeria,newyorker.com,1934-05-17
328,Junette,Sobtka,jsobtka93@moonfruit.com,Female,United States,hhs.gov,1978-05-25
329,Bax,Yoseloff,byoseloff94@google.nl,Male,Ukraine,nyu.edu,1944-09-17
330,Winifield,MacQuist,wmacquist95@cdc.gov,Male,Poland,google.ru,1982-03-23
331,Ermanno,Almeida,ealmeida96@geocities.jp,Male,Indonesia,g.co,2004-11-01
332,Darda,Lidgerton,dlidgerton97@geocities.jp,Female,Bangladesh,statcounter.com,1938-12-14
333,Emeline,Moubray,emoubray98@businesswire.com,Polygender,Russia,huffingtonpost.com,1991-11-06
334,Dale,Blacker,dblacker99@independent.co.uk,Female,Indonesia,bbb.org,1988-06-21
335,Cher,Mebius,cmebius9a@plala.or.jp,Female,Brazil,wiley.com,2000-04-26
336,Toby,Warry,twarry9b@domainmarket.com,Female,Poland,php.net,1945-04-20
337,Minna,Eastcott,meastcott9c@exblog.jp,Female,Japan,ucla.edu,1990-08-16
338,Bree,Casin,bcasin9d@earthlink.net,Female,Portugal,goo.ne.jp,2010-10-24
339,Ermengarde,Langsbury,elangsbury9e@comcast.net,Agender,China,hao123.com,1956-11-23
340,Maury,Dufty,mdufty9f@printfriendly.com,Male,Indonesia,reddit.com,1939-05-14
341,Anabella,McLoney,amcloney9g@linkedin.com,Female,Russia,w3.org,1993-12-26
342,Carine,Hards,chards9h@java.com,Female,Guatemala,aboutads.info,2008-06-30
343,Robinette,Meneo,rmeneo9i@boston.com,Female,France,ihg.com,1983-06-29
344,Wake,Beyer,wbeyer9j@google.fr,Male,Nicaragua,skyrock.com,1960-05-01
345,Mathias,McQuillan,mmcquillan9k@dailymotion.com,Male,Sierra Leone,cbsnews.com,2021-01-08
346,Phylis,Van Der Straaten,pvanderstraaten9l@github.io,Female,China,unesco.org,1946-12-13
347,Ashleigh,Ingleton,aingleton9m@reverbnation.com,Female,China,artisteer.com,1946-03-10
348,Cristobal,Dane,cdane9n@businessweek.com,Male,Philippines,usda.gov,2010-11-06
349,Jeramey,Worner,jworner9o@miitbeian.gov.cn,Male,Malta,ft.com,2010-05-07
350,Innis,Salters,isalters9p@homestead.com,Male,Philippines,smugmug.com,1932-06-07
351,Lia,Labusquiere,llabusquiere9q@diigo.com,Female,Indonesia,naver.com,2001-10-05
352,Thoma,Cornock,tcornock9r@sciencedirect.com,Male,China,people.com.cn,2019-04-24
353,Bibi,Whatson,bwhatson9s@histats.com,Polygender,Ethiopia,ibm.com,1983-02-21
354,Reinaldos,Cavanaugh,rcavanaugh9t@prlog.org,Male,Brazil,i2i.jp,1945-09-29
355,Washington,Stebbin,wstebbin9u@gmpg.org,Male,Nigeria,cnet.com,2009-09-24
356,Aloisia,cornhill,acornhill9v@youku.com,Female,China,freewebs.com,1953-07-30
357,Jan,Fominov,jfominov9w@usnews.com,Male,Philippines,google.es,1958-01-08
358,Alix,Burgott,aburgott9x@deviantart.com,Agender,Poland,shop-pro.jp,1970-03-22
359,Sheridan,Thomson,sthomson9y@photobucket.com,Male,Czech Republic,com.com,1933-03-27
360,Royce,Kinastan,rkinastan9z@posterous.com,Male,Colombia,hao123.com,1983-09-15
361,Giovanni,Rupert,gruperta0@unicef.org,Male,China,liveinternet.ru,1950-07-28
362,Adriena,Studeart,astudearta1@webs.com,Female,Brazil,xrea.com,2020-04-23
363,Hale,Dasent,hdasenta2@biblegateway.com,Male,China,zimbio.com,1972-11-17
364,Theodosia,Rugieri,trugieria3@who.int,Female,China,bloglovin.com,2011-02-20
365,Zonda,Branson,zbransona4@uol.com.br,Female,China,alexa.com,1985-04-17
366,Frans,Mutton,fmuttona5@marketwatch.com,Male,China,instagram.com,2017-08-20
367,Dorena,Shore,dshorea6@dropbox.com,Female,China,tinyurl.com,1997-08-13
368,Emmott,Cheeney,echeeneya7@cornell.edu,Male,Marshall Islands,usa.gov,1957-07-27
369,Kati,MacLardie,kmaclardiea8@qq.com,Female,China,google.nl,1953-10-08
370,Tressa,Lagen,tlagena9@youku.com,Female,Lebanon,macromedia.com,1956-06-30
371,Toma,Cisneros,tcisnerosaa@networkadvertising.org,Female,Indonesia,multiply.com,1944-12-18
372,Lannie,Hamilton,lhamiltonab@theatlantic.com,Male,Cuba,sogou.com,1965-02-11
373,Georgeanne,Cassedy,gcassedyac@un.org,Agender,China,dmoz.org,2005-10-01
374,Madelin,Chessel,mchesselad@posterous.com,Female,China,instagram.com,2003-08-03
375,Erroll,Yeudall,eyeudallae@yahoo.com,Male,Greece,aol.com,2017-12-21
376,Tracey,Morcombe,tmorcombeaf@ox.ac.uk,Male,Indonesia,studiopress.com,1989-06-24
377,Benedikt,Congrave,bcongraveag@baidu.com,Agender,Bangladesh,addthis.com,1980-09-26
378,Bella,Cocker,bcockerah@cisco.com,Female,Russia,columbia.edu,2018-08-20
379,Erma,Sandes,esandesai@t.co,Female,Portugal,yahoo.co.jp,2000-07-23
380,Lesly,Smerdon,lsmerdonaj@ucla.edu,Female,China,arizona.edu,2014-11-30
381,Ruperta,Steagall,rsteagallak@oaic.gov.au,Female,Russia,dot.gov,1965-03-21
382,Lacie,Manns,lmannsal@huffingtonpost.com,Female,China,ucoz.com,2005-02-09
383,Traver,Hartford,thartfordam@bloglines.com,Male,Ireland,phoca.cz,1964-02-20
384,Sloane,Beenham,sbeenhaman@usda.gov,Male,Russia,parallels.com,2002-05-12
385,Kasper,Dawson,kdawsonao@illinois.edu,Male,Poland,cdbaby.com,1948-10-21
386,Ignatius,Martel,imartelap@squarespace.com,Male,France,is.gd,1968-09-06
387,Rebecca,Brownbill,rbrownbillaq@techcrunch.com,Female,Czech Republic,ft.com,2001-11-24
388,Isidora,Kuhnel,ikuhnelar@multiply.com,Female,Philippines,netvibes.com,1991-07-25
389,Claudell,Necolds,cnecoldsas@kickstarter.com,Male,China,phoca.cz,2011-04-27
390,Brooks,Mannock,bmannockat@businessweek.com,Male,Portugal,hibu.com,2007-12-04
391,Francisco,Beard,fbeardau@engadget.com,Male,Indonesia,hhs.gov,1994-01-16
392,Lavina,Koene,lkoeneav@statcounter.com,Female,Azerbaijan,noaa.gov,1937-10-12
393,Clementia,Barkshire,cbarkshireaw@surveymonkey.com,Female,Indonesia,tinypic.com,1996-09-14
394,Britteny,Goodricke,bgoodrickeax@instagram.com,Female,China,blinklist.com,1979-06-02
395,Edsel,Dohrmann,edohrmannay@dyndns.org,Male,China,nymag.com,2007-08-18
396,Dael,Sabatini,dsabatiniaz@dion.ne.jp,Female,Brazil,ycombinator.com,2019-05-04
397,Fayth,Duxfield,fduxfieldb0@imdb.com,Genderfluid,United States,purevolume.com,2000-09-06
398,Letta,De Witt,ldewittb1@cam.ac.uk,Polygender,Trinidad and Tobago,google.de,2004-08-08
399,Jerad,Macak,jmacakb2@zdnet.com,Male,Russia,cargocollective.com,1998-09-28
400,Hew,Strutton,hstruttonb3@printfriendly.com,Male,China,wiley.com,1941-10-03
401,Giustina,Georgi,ggeorgib4@naver.com,Female,Poland,msu.edu,2000-06-13
402,Cam,Bunclark,cbunclarkb5@so-net.ne.jp,Polygender,China,devhub.com,1995-01-31
403,Markos,Marvel,mmarvelb6@salon.com,Male,Greece,nbcnews.com,2020-08-04
404,Denis,Ceeley,dceeleyb7@google.it,Male,Philippines,craigslist.org,1997-12-01
405,Georgy,Barszczewski,gbarszczewskib8@yahoo.com,Male,Croatia,answers.com,1998-06-24
406,Edik,Broomfield,ebroomfieldb9@gizmodo.com,Male,Portugal,japanpost.jp,1966-01-23
407,Brody,Ratchford,bratchfordba@theguardian.com,Male,China,surveymonkey.com,1959-01-19
408,Gaston,Maulin,gmaulinbb@salon.com,Male,Russia,usatoday.com,1952-09-08
409,Starlin,Viccars,sviccarsbc@time.com,Female,Malaysia,sbwire.com,1936-05-26
410,Vite,Joust,vjoustbd@telegraph.co.uk,Male,Indonesia,indiatimes.com,1963-10-22
411,Farr,Adicot,fadicotbe@nasa.gov,Male,China,irs.gov,1951-03-06
412,Kellie,Hadgraft,khadgraftbf@unblog.fr,Female,Ukraine,newsvine.com,1964-12-03
413,Odelle,Simonot,osimonotbg@bbb.org,Female,Latvia,so-net.ne.jp,1958-10-14
414,Hercules,Alexander,halexanderbh@cdc.gov,Male,Pakistan,patch.com,1984-01-19
415,Lilli,Brower,lbrowerbi@51.la,Genderqueer,Indonesia,cargocollective.com,1934-01-17
416,Aundrea,Titt,atittbj@netlog.com,Polygender,Russia,eepurl.com,1950-09-21
417,Iorgo,Revitt,irevittbk@smh.com.au,Male,Vietnam,wikipedia.org,1986-08-08
418,Giuditta,Teulier,gteulierbl@nih.gov,Female,Russia,slate.com,1951-01-24
419,Lawrence,Ommanney,lommanneybm@latimes.com,Male,France,eepurl.com,2009-06-23
420,Nobie,Lound,nloundbn@123-reg.co.uk,Male,Philippines,prlog.org,1982-04-06
421,Karlis,Hindes,khindesbo@narod.ru,Male,Philippines,addtoany.com,1966-03-31
422,Herta,Bunyard,hbunyardbp@mayoclinic.com,Female,Ukraine,exblog.jp,1972-02-20
423,Dominic,Towey,dtoweybq@cpanel.net,Male,Indonesia,uiuc.edu,1943-11-26
424,Fields,Despenser,fdespenserbr@cisco.com,Male,Russia,opensource.org,1994-04-29
425,Esra,Mulder,emulderbs@domainmarket.com,Male,United Arab Emirates,360.cn,2011-03-20
426,Jaime,Whife,jwhifebt@ihg.com,Female,Iran,theatlantic.com,1992-11-30
427,Thebault,Bedding,tbeddingbu@mayoclinic.com,Male,Argentina,cdc.gov,1949-04-30
428,Goldi,Tyer,gtyerbv@stanford.edu,Female,China,ft.com,1955-05-30
429,Kevina,Derington,kderingtonbw@dailymail.co.uk,Female,Indonesia,cnet.com,2011-05-19
430,Marin,Dyas,mdyasbx@usnews.com,Female,Indonesia,bbb.org,1998-04-02
431,Letta,Corroyer,lcorroyerby@guardian.co.uk,Female,China,amazon.co.jp,1979-09-30
432,Farris,Whimpenny,fwhimpennybz@jigsy.com,Male,Iran,nbcnews.com,2012-04-20
433,Keslie,Tarry,ktarryc0@biblegateway.com,Female,Mexico,cdc.gov,1984-02-06
434,Terrill,Woller,twollerc1@wikia.com,Male,Argentina,washington.edu,2009-01-13
435,Germaine,Smiley,gsmileyc2@phpbb.com,Male,Sweden,slashdot.org,1938-11-26
436,Lisette,Jaukovic,ljaukovicc3@canalblog.com,Female,Vietnam,cornell.edu,1961-04-21
437,Guilbert,Burbury,gburburyc4@1688.com,Male,Brazil,ask.com,1932-10-11
438,Darnall,Eckersall,deckersallc5@wordpress.com,Male,Peru,de.vu,2002-03-28
439,Clementia,Packe,cpackec6@amazonaws.com,Female,Ukraine,harvard.edu,1933-01-31
440,Dwight,Hanaford,dhanafordc7@yahoo.co.jp,Male,China,freewebs.com,1939-06-03
441,Tommie,Simkin,tsimkinc8@cbslocal.com,Female,China,timesonline.co.uk,1937-05-21
442,Madison,Calderwood,mcalderwoodc9@bigcartel.com,Agender,Albania,ezinearticles.com,1951-08-22
443,Emmy,Ratnage,eratnageca@fc2.com,Male,Brazil,ifeng.com,2005-02-22
444,Eloise,Runham,erunhamcb@infoseek.co.jp,Female,Czech Republic,multiply.com,1933-10-11
445,Ravi,Rawsen,rrawsencc@ezinearticles.com,Male,France,nbcnews.com,1993-10-14
446,Katusha,Fullman,kfullmancd@edublogs.org,Female,Pakistan,tamu.edu,1996-01-10
447,Domini,Orbon,dorbonce@reuters.com,Genderqueer,Germany,mtv.com,1958-12-30
448,Shermie,Rohlfing,srohlfingcf@sourceforge.net,Male,Brazil,umich.edu,2012-01-15
449,Shelly,Haizelden,shaizeldencg@irs.gov,Female,Indonesia,google.co.uk,1982-03-27
450,Janey,Wittey,jwitteych@boston.com,Female,Sweden,tumblr.com,1933-03-18
451,Markos,Cuckson,mcucksonci@cpanel.net,Male,South Korea,etsy.com,1949-07-14
452,Noell,Pleace,npleacecj@so-net.ne.jp,Female,China,1und1.de,1974-11-12
453,Neal,Wollaston,nwollastonck@upenn.edu,Male,Ukraine,java.com,1994-09-06
454,Charley,Swadlen,cswadlencl@stanford.edu,Male,China,domainmarket.com,1940-09-10
455,Madison,Antliff,mantliffcm@elpais.com,Non-binary,United States,howstuffworks.com,1973-12-13
456,Nicolais,Cairney,ncairneycn@dailymotion.com,Male,China,trellian.com,1994-05-20
457,Rozele,Landa,rlandaco@go.com,Female,El Salvador,360.cn,1956-03-03
458,Alida,Werlock,awerlockcp@usa.gov,Female,Venezuela,purevolume.com,2002-12-30
459,Bobbe,Tarbath,btarbathcq@google.co.jp,Female,China,wikipedia.org,1970-02-09
460,Murvyn,Meak,mmeakcr@loc.gov,Male,China,google.nl,1977-05-16
461,Colan,Belham,cbelhamcs@twitpic.com,Male,Russia,123-reg.co.uk,1962-07-11
462,Rafaellle,Lindop,rlindopct@biglobe.ne.jp,Genderqueer,Ukraine,cloudflare.com,1998-03-20
463,Lucian,Blumire,lblumirecu@disqus.com,Male,Kazakhstan,ca.gov,2007-11-14
464,Rafaelita,Oventon,roventoncv@usa.gov,Female,Philippines,amazon.co.uk,1964-12-09
465,Dynah,Woolfenden,dwoolfendencw@csmonitor.com,Genderqueer,Venezuela,ucsd.edu,1976-07-02
466,Amalia,Glassard,aglassardcx@wikipedia.org,Female,China,census.gov,1942-03-01
467,Jodie,Itschakov,jitschakovcy@freewebs.com,Female,Portugal,i2i.jp,1964-06-18
468,Lissie,Borrington,lborringtoncz@sogou.com,Female,Indonesia,google.com.br,1975-05-13
469,Chance,Steels,csteelsd0@usda.gov,Male,China,cocolog-nifty.com,2016-10-05
470,Welby,Brogioni,wbrogionid1@miibeian.gov.cn,Male,Ukraine,gov.uk,1936-08-20
471,Caryl,Bergeon,cbergeond2@tuttocitta.it,Male,China,i2i.jp,1933-02-10
472,Mel,Lomis,mlomisd3@ebay.co.uk,Male,Indonesia,yandex.ru,1947-06-13
473,Tasha,Altofts,taltoftsd4@ft.com,Female,Indonesia,google.pl,2008-03-28
474,Bryant,O'Currigan,bocurrigand5@mysql.com,Male,China,google.co.jp,2002-08-16
475,Kaycee,Devenny,kdevennyd6@lulu.com,Female,China,theglobeandmail.com,1989-04-03
476,Clarine,Waldrum,cwaldrumd7@weather.com,Female,Portugal,ftc.gov,1933-10-05
477,Burl,Ellens,bellensd8@multiply.com,Male,Yemen,desdev.cn,1956-07-30
478,Hammad,Rowbottam,hrowbottamd9@cornell.edu,Male,Portugal,apache.org,2004-11-10
479,Francisco,Skatcher,fskatcherda@t.co,Male,Latvia,t-online.de,1954-06-30
480,Hercule,Levens,hlevensdb@wordpress.org,Male,Palestinian Territory,cdc.gov,1957-08-10
481,Melisenda,Di Biaggi,mdibiaggidc@ovh.net,Female,Chad,goo.ne.jp,1985-01-04
482,Maura,Corkhill,mcorkhilldd@creativecommons.org,Female,Honduras,tuttocitta.it,1934-09-14
483,Rozelle,Knotton,rknottonde@businessweek.com,Female,Czech Republic,foxnews.com,1991-10-01
484,Abdel,Hefford,ahefforddf@unicef.org,Male,Turkmenistan,technorati.com,1933-06-18
485,Pamela,Kynder,pkynderdg@parallels.com,Female,Czech Republic,cbsnews.com,1988-05-26
486,Aldus,Shevelin,ashevelindh@globo.com,Genderfluid,Portugal,chicagotribune.com,1949-06-22
487,Haleigh,Mingard,hmingarddi@blogtalkradio.com,Non-binary,Indonesia,printfriendly.com,2013-12-31
488,Duffy,McTavy,dmctavydj@engadget.com,Male,Indonesia,slate.com,1983-07-01
489,Ailsun,Skipp,askippdk@delicious.com,Female,China,fda.gov,1950-04-15
490,Domini,Hunte,dhuntedl@auda.org.au,Female,Poland,hexun.com,1977-08-04
491,Emeline,Bankes,ebankesdm@shutterfly.com,Female,China,bing.com,1985-03-07
492,Padraic,Lyard,plyarddn@vkontakte.ru,Male,France,yolasite.com,1977-08-24
493,Damiano,Christophe,dchristophedo@hibu.com,Male,Syria,newsvine.com,1962-08-18
494,Herman,Caroll,hcarolldp@eventbrite.com,Male,Indonesia,spotify.com,1974-09-06
495,Moe,Ketchaside,mketchasidedq@apple.com,Male,Philippines,example.com,1988-10-12
496,Carma,Lavers,claversdr@boston.com,Female,Japan,toplist.cz,2020-07-10
497,Ricky,Scanlin,rscanlinds@toplist.cz,Male,China,so-net.ne.jp,1954-11-01
498,Newton,Creddon,ncreddondt@simplemachines.org,Male,France,angelfire.com,1963-09-10
499,Celinka,Mulvany,cmulvanydu@wiley.com,Female,China,merriam-webster.com,1961-11-29
500,Brand,Jelleman,bjellemandv@bloomberg.com,Male,Philippines,ow.ly,2004-01-04
501,Jedd,Males,jmalesdw@google.de,Male,Nigeria,phpbb.com,1947-07-17
502,Gannon,Muncey,gmunceydx@netlog.com,Male,Spain,barnesandnoble.com,1998-02-06
503,Kinnie,McCoughan,kmccoughandy@last.fm,Male,China,nationalgeographic.com,1989-11-22
504,Patten,Seagood,pseagooddz@netlog.com,Polygender,Russia,nymag.com,1946-06-26
505,Von,Robilart,vrobilarte0@symantec.com,Male,Bhutan,weibo.com,1946-07-11
506,Raynard,Grundon,rgrundone1@vistaprint.com,Male,France,redcross.org,1934-05-25
507,Nani,Scholtz,nscholtze2@cocolog-nifty.com,Female,Spain,trellian.com,1995-06-28
508,Mord,Dinnage,mdinnagee3@icq.com,Male,Belize,jugem.jp,2013-10-09
509,Lenore,Jore,ljoree4@go.com,Female,Bosnia and Herzegovina,apple.com,1978-03-20
510,Lazarus,Goldhill,lgoldhille5@mapquest.com,Male,Portugal,arizona.edu,1960-04-15
511,Kele,Tiltman,ktiltmane6@tuttocitta.it,Male,Brazil,home.pl,1962-01-23
512,Carolina,Linscott,clinscotte7@infoseek.co.jp,Female,United States,pagesperso-orange.fr,2015-11-23
513,Modestia,Gooder,mgoodere8@symantec.com,Female,Portugal,t-online.de,1960-08-10
514,Ashley,Wallington,awallingtone9@symantec.com,Female,China,umn.edu,1954-09-24
515,Pat,Crippill,pcrippillea@e-recht24.de,Male,Philippines,dmoz.org,2010-01-23
516,Bekki,Tatlow,btatloweb@flickr.com,Non-binary,Tonga,google.ca,1990-03-08
517,Loydie,Iacomini,liacominiec@blogs.com,Male,China,typepad.com,1981-04-23
518,Timothee,Stuckford,tstuckforded@npr.org,Male,China,hhs.gov,1941-04-04
519,Chaddy,Behnecken,cbehneckenee@princeton.edu,Male,Indonesia,ning.com,1961-10-19
520,Zsa zsa,Walkden,zwalkdenef@sitemeter.com,Female,Portugal,statcounter.com,1956-06-28
521,Binny,Duley,bduleyeg@bloglines.com,Female,Indonesia,nyu.edu,1997-03-16
522,Kennedy,Earey,keareyeh@theatlantic.com,Male,China,tumblr.com,1947-03-09
523,Mick,Mistry,mmistryei@vkontakte.ru,Male,China,oakley.com,2014-02-26
524,Nanny,Derham,nderhamej@diigo.com,Female,Thailand,discovery.com,1974-05-21
525,Michel,Spelling,mspellingek@diigo.com,Male,Peru,spotify.com,1944-08-26
526,Cletis,Crossthwaite,ccrossthwaiteel@squarespace.com,Male,China,mlb.com,1986-09-07
527,Ray,De Vaar,rdevaarem@washington.edu,Bigender,South Africa,newyorker.com,1937-02-20
528,Derry,Albion,dalbionen@unicef.org,Male,Tunisia,va.gov,1991-09-12
529,Erskine,Haggie,ehaggieeo@topsy.com,Male,Mexico,twitpic.com,1932-09-01
530,Mada,Tonnesen,mtonnesenep@cbslocal.com,Female,Portugal,imgur.com,1958-07-25
531,Pierrette,Crosswaite,pcrosswaiteeq@dailymotion.com,Female,Sweden,abc.net.au,1976-03-13
532,Kora,Tanser,ktanserer@netscape.com,Agender,Indonesia,ft.com,1977-08-31
533,Clayborne,McArdell,cmcardelles@nytimes.com,Male,Sweden,csmonitor.com,1934-12-13
534,Cloris,Friskey,cfriskeyet@topsy.com,Female,Indonesia,cdbaby.com,2001-02-16
535,Katerine,Berrey,kberreyeu@xinhuanet.com,Female,United States,bluehost.com,1965-05-25
536,Martino,Sandbach,msandbachev@independent.co.uk,Male,China,usnews.com,1945-05-26
537,Liam,Conlon,lconlonew@amazon.co.uk,Male,Brazil,pcworld.com,1981-12-31
538,Mallory,Neenan,mneenanex@pen.io,Male,Thailand,dagondesign.com,1948-08-01
539,Abigael,Vasyunin,avasyuniney@networksolutions.com,Female,Germany,purevolume.com,1991-12-20
540,Sloane,Arrol,sarrolez@infoseek.co.jp,Male,China,behance.net,1962-02-27
541,Kaleb,Gronous,kgronousf0@addtoany.com,Male,Indonesia,springer.com,1949-10-10
542,Maribelle,Knightly,mknightlyf1@utexas.edu,Female,Philippines,wikispaces.com,1967-03-04
543,Cherrita,Southeran,csoutheranf2@trellian.com,Female,United States,shareasale.com,1974-06-22
544,Heather,Brame,hbramef3@symantec.com,Female,Indonesia,devhub.com,1999-11-27
545,Abraham,Halgarth,ahalgarthf4@skyrock.com,Male,China,hubpages.com,2001-12-12
546,Florentia,Pickover,fpickoverf5@shutterfly.com,Female,Dominican Republic,pcworld.com,1945-10-26
547,Tanny,Seggie,tseggief6@wp.com,Male,Poland,toplist.cz,1938-03-07
548,Blane,Spurret,bspurretf7@dyndns.org,Male,United States,xing.com,1931-04-02
549,Kipper,Downse,kdownsef8@wix.com,Male,Poland,reverbnation.com,1966-04-21
550,Cordi,Gwilliams,cgwilliamsf9@toplist.cz,Female,Sweden,jiathis.com,1937-06-13
551,Tersina,Marchand,tmarchandfa@noaa.gov,Female,China,yolasite.com,1995-03-24
552,Katherine,Nowell,knowellfb@artisteer.com,Female,Peru,jalbum.net,1992-05-16
553,Lindy,Collicott,lcollicottfc@engadget.com,Non-binary,Russia,biblegateway.com,2019-09-19
554,Josee,Longhorn,jlonghornfd@si.edu,Female,Russia,hexun.com,1943-09-16
555,Flemming,Yankin,fyankinfe@goo.gl,Male,Peru,indiatimes.com,1965-10-21
556,Vivyan,Maultby,vmaultbyff@so-net.ne.jp,Female,Sweden,wsj.com,1954-07-23
557,Rosa,Boorne,rboornefg@naver.com,Female,Mexico,columbia.edu,1968-03-15
558,Maryanna,Harker,mharkerfh@deviantart.com,Female,Venezuela,arstechnica.com,1990-11-21
559,Jemmie,Slate,jslatefi@1688.com,Female,Ukraine,europa.eu,2006-09-03
560,Lona,Asbury,lasburyfj@instagram.com,Female,China,hubpages.com,1946-06-01
561,Vita,Weeke,vweekefk@go.com,Female,Netherlands,vistaprint.com,1964-03-13
562,Tricia,Emblin,temblinfl@go.com,Female,Russia,ebay.com,1964-08-20
563,Patty,Bum,pbumfm@friendfeed.com,Female,Czech Republic,newsvine.com,2022-07-17
564,Dotti,Cowey,dcoweyfn@123-reg.co.uk,Female,Canada,washingtonpost.com,1979-04-15
565,Duncan,McIlherran,dmcilherranfo@opera.com,Male,Sweden,infoseek.co.jp,1988-06-20
566,Jen,Mimmack,jmimmackfp@wunderground.com,Female,Philippines,webs.com,1985-06-22
567,Zandra,Brim,zbrimfq@narod.ru,Female,Afghanistan,hao123.com,1932-02-17
568,Granthem,Roberds,groberdsfr@istockphoto.com,Male,Russia,bandcamp.com,1997-06-11
569,Myrvyn,Cumpsty,mcumpstyfs@acquirethisname.com,Male,Indonesia,cyberchimps.com,1960-12-23
570,Melicent,Gascard,mgascardft@sbwire.com,Female,Latvia,sohu.com,2022-04-30
571,Susie,Barthram,sbarthramfu@quantcast.com,Female,Benin,clickbank.net,1972-09-02
572,Trevor,Pahl,tpahlfv@163.com,Male,Russia,taobao.com,1977-10-16
573,Elvira,Tindley,etindleyfw@fotki.com,Agender,Norway,tamu.edu,1947-06-25
574,Abbey,Benko,abenkofx@domainmarket.com,Male,Mauritius,blinklist.com,1953-11-18
575,Amandie,Dray,adrayfy@wired.com,Female,United States,cbslocal.com,1945-11-10
576,Osbourne,Unwins,ounwinsfz@wikispaces.com,Male,Japan,netscape.com,1946-06-17
577,Wadsworth,Kunc,wkuncg0@bigcartel.com,Male,Argentina,usatoday.com,1983-09-30
578,Whit,Vibert,wvibertg1@amazonaws.com,Male,Colombia,google.cn,2013-08-02
579,Papageno,Giacobazzi,pgiacobazzig2@ft.com,Male,Portugal,trellian.com,1965-08-26
580,Cesaro,Dewer,cdewerg3@hud.gov,Male,China,dailymail.co.uk,2011-10-23
581,Portia,Pleat,ppleatg4@google.com.br,Female,Democratic Republic of the Congo,clickbank.net,1967-02-16
582,Briney,Chittey,bchitteyg5@facebook.com,Female,Ethiopia,hibu.com,1936-04-13
583,Cobbie,Daice,cdaiceg6@gravatar.com,Male,France,360.cn,1981-07-14
584,Fianna,Fishley,ffishleyg7@nyu.edu,Non-binary,Nigeria,cloudflare.com,1948-03-28
585,Kat,Ambroziak,kambroziakg8@amazon.de,Female,China,oaic.gov.au,1953-05-09
586,Pris,Leathley,pleathleyg9@google.cn,Female,Vietnam,theglobeandmail.com,1942-02-08
587,Hetti,Pentelo,hpenteloga@bloglines.com,Female,Uganda,uiuc.edu,2011-04-27
588,Valma,Sturge,vsturgegb@yolasite.com,Female,Indonesia,trellian.com,1974-06-10
589,Johny,Bartolozzi,jbartolozzigc@reddit.com,Male,Panama,craigslist.org,1944-01-06
590,Dani,Yepiskopov,dyepiskopovgd@china.com.cn,Male,Czech Republic,hexun.com,2009-07-10
591,Vicki,Ormes,vormesge@tripadvisor.com,Female,Indonesia,samsung.com,1952-04-26
592,Janey,Reaney,jreaneygf@rediff.com,Female,Greece,wordpress.org,2019-09-22
593,Giff,Desport,gdesportgg@mtv.com,Male,Slovenia,vkontakte.ru,2022-08-15
594,Eugine,Georgi,egeorgigh@apache.org,Female,Indonesia,nih.gov,1997-01-19
595,Rossy,Chubb,rchubbgi@indiatimes.com,Male,Germany,sphinn.com,1981-03-13
596,Vikki,Trethowan,vtrethowangj@zdnet.com,Female,Philippines,163.com,2005-02-25
597,Craggy,Simounet,csimounetgk@squidoo.com,Male,Indonesia,wordpress.org,1998-10-25
598,Delcine,Hitschke,dhitschkegl@hexun.com,Non-binary,Russia,gov.uk,1981-11-20
599,Wilhelm,Keavy,wkeavygm@exblog.jp,Male,Russia,comcast.net,1969-08-22
600,Marilee,Chrichton,mchrichtongn@cisco.com,Female,Ethiopia,uiuc.edu,1996-11-25
601,Rosabella,Maydwell,rmaydwellgo@usda.gov,Female,Brazil,google.ca,1969-12-13
602,Orsa,Ledingham,oledinghamgp@wikia.com,Female,Philippines,epa.gov,2007-01-04
603,Chester,Brophy,cbrophygq@chicagotribune.com,Male,Kazakhstan,washington.edu,2020-09-14
604,Allie,Lampet,alampetgr@github.io,Female,China,mozilla.org,1934-05-17
605,Jilly,Richemond,jrichemondgs@intel.com,Genderqueer,Philippines,ameblo.jp,1936-07-06
606,Brigg,Penn,bpenngt@vimeo.com,Male,Argentina,thetimes.co.uk,1945-04-15
607,Berenice,Truluck,btruluckgu@ehow.com,Female,Canada,bloglovin.com,2017-07-11
608,Shellie,Welfare,swelfaregv@omniture.com,Female,Palestinian Territory,google.nl,1981-08-15
609,Kennedy,Seppey,kseppeygw@prweb.com,Male,Peru,free.fr,1964-06-09
610,Henka,Allatt,hallattgx@huffingtonpost.com,Non-binary,Czech Republic,thetimes.co.uk,1972-11-03
611,Zachary,Jzhakov,zjzhakovgy@intel.com,Male,Poland,springer.com,2015-12-01
612,Kissee,Redmond,kredmondgz@wiley.com,Female,Peru,reuters.com,1939-05-16
613,Doyle,Dome,ddomeh0@wikispaces.com,Male,Indonesia,chronoengine.com,1932-01-16
614,Rudolph,Bushe,rbusheh1@xinhuanet.com,Male,China,usgs.gov,2012-10-22
615,Ana,Henderson,ahendersonh2@phpbb.com,Female,Iceland,bloomberg.com,1962-11-10
616,Zacherie,Plumtree,zplumtreeh3@amazon.de,Male,Bangladesh,paginegialle.it,1995-03-15
617,Diannne,Lifsey,dlifseyh4@spiegel.de,Agender,Burkina Faso,aol.com,1999-11-21
618,Genovera,Rydings,grydingsh5@wired.com,Female,Philippines,irs.gov,2012-08-16
619,Carlie,Dampier,cdampierh6@sina.com.cn,Male,Indonesia,addthis.com,1985-04-18
620,Lurline,Talks,ltalksh7@cdbaby.com,Female,Indonesia,google.ru,1959-11-14
621,Noel,Ceaplen,nceaplenh8@smugmug.com,Male,France,yellowbook.com,1950-11-17
622,Jesus,Dyne,jdyneh9@nasa.gov,Male,Russia,macromedia.com,2020-10-22
623,Kamila,Pellitt,kpellittha@acquirethisname.com,Female,Brazil,miitbeian.gov.cn,1971-02-28
624,Burt,Madgin,bmadginhb@china.com.cn,Male,Indonesia,blogtalkradio.com,1957-11-13
625,Harlan,Fidock,hfidockhc@blogtalkradio.com,Polygender,Indonesia,ustream.tv,1995-01-25
626,Courtenay,Dhillon,cdhillonhd@altervista.org,Female,Netherlands,dailymail.co.uk,1979-05-29
627,Lemar,Treweke,ltrewekehe@merriam-webster.com,Male,New Caledonia,dropbox.com,2017-08-15
628,Glendon,Isgate,gisgatehf@elpais.com,Male,Indonesia,dell.com,2012-08-28
629,Torey,Guyers,tguyershg@wordpress.org,Female,Egypt,desdev.cn,1955-03-06
630,Audrey,Mandel,amandelhh@miibeian.gov.cn,Female,Iraq,chron.com,1982-02-27
631,Nels,Cockayme,ncockaymehi@oakley.com,Male,Canada,soundcloud.com,1938-08-05
632,Pierce,Thying,pthyinghj@ucsd.edu,Male,Malaysia,addtoany.com,1964-07-10
633,Lorene,Tapton,ltaptonhk@reuters.com,Female,Poland,chron.com,2007-08-26
634,Alfred,Baskerville,abaskervillehl@example.com,Male,Argentina,loc.gov,1949-01-12
635,Towney,Biggadike,tbiggadikehm@mac.com,Male,China,paginegialle.it,1960-07-18
636,Renaldo,Straughan,rstraughanhn@plala.or.jp,Male,Brazil,nhs.uk,2007-09-06
637,Davy,Bromby,dbrombyho@drupal.org,Male,Kazakhstan,1und1.de,1993-10-01
638,Calvin,Busfield,cbusfieldhp@google.es,Male,Ghana,networksolutions.com,1964-05-25
639,Kimmy,Sumption,ksumptionhq@google.co.uk,Genderqueer,Indonesia,hhs.gov,1980-05-24
640,Nichole,Morant,nmoranthr@trellian.com,Female,Russia,arstechnica.com,1989-08-04
641,Carrissa,Neathway,cneathwayhs@nyu.edu,Female,New Caledonia,spiegel.de,2018-11-23
642,Ermengarde,Stobbes,estobbesht@ow.ly,Female,United States,reverbnation.com,2014-07-25
643,Daven,Toyne,dtoynehu@marriott.com,Male,Mexico,tinyurl.com,1950-03-02
644,Marj,Petrashov,mpetrashovhv@g.co,Female,Japan,cafepress.com,2000-02-02
645,Corty,Stoller,cstollerhw@fema.gov,Male,United Kingdom,accuweather.com,1953-02-21
646,Tomi,Doughartie,tdoughartiehx@amazon.co.uk,Female,France,google.fr,2015-07-20
647,Lesley,Weiss,lweisshy@nationalgeographic.com,Female,Indonesia,amazon.com,1955-09-07
648,Devora,Musico,dmusicohz@cornell.edu,Female,China,jiathis.com,1939-12-30
649,Gino,Finlater,gfinlateri0@paginegialle.it,Male,South Africa,google.com.br,1970-10-26
650,Jamil,Cornelissen,jcornelisseni1@ehow.com,Male,Indonesia,craigslist.org,1964-04-11
651,Tabina,Garstang,tgarstangi2@histats.com,Female,Bangladesh,tumblr.com,2004-03-11
652,Barton,Bucke,bbuckei3@amazonaws.com,Male,Japan,google.com.br,1969-04-21
653,Isacco,Kobpac,ikobpaci4@facebook.com,Male,China,archive.org,1976-10-23
654,Shermy,De Carolis,sdecarolisi5@unc.edu,Male,Bolivia,samsung.com,1953-08-22
655,Rand,Gosker,rgoskeri6@pcworld.com,Male,Russia,deviantart.com,1996-07-26
656,Ambrosius,Edmundson,aedmundsoni7@networksolutions.com,Male,China,hatena.ne.jp,1961-11-13
657,Ruby,Tranter,rtranteri8@nba.com,Male,Thailand,scientificamerican.com,2021-12-23
658,Bay,Eustis,beustisi9@t.co,Male,Syria,telegraph.co.uk,1935-03-06
659,Annabella,Nys,anysia@senate.gov,Female,Indonesia,slate.com,1932-06-19
660,Amelina,Packington,apackingtonib@symantec.com,Female,Sri Lanka,fastcompany.com,1956-08-29
661,Maynord,Bleasdale,mbleasdaleic@miibeian.gov.cn,Male,Bulgaria,stanford.edu,2016-01-19
662,Bonnibelle,Linford,blinfordid@de.vu,Female,Albania,wikimedia.org,1940-01-10
663,Irv,Basketter,ibasketterie@discuz.net,Male,Armenia,livejournal.com,2021-12-17
664,Ingra,Boycott,iboycottif@oakley.com,Male,Philippines,japanpost.jp,1997-02-14
665,Katey,Patty,kpattyig@printfriendly.com,Female,Sweden,ox.ac.uk,1957-08-29
666,Daisy,McGairl,dmcgairlih@t-online.de,Female,Czech Republic,ftc.gov,1952-02-08
667,Livy,Munday,lmundayii@printfriendly.com,Female,Japan,webnode.com,2016-02-14
668,Sheelagh,Bolger,sbolgerij@squidoo.com,Female,Russia,reddit.com,1992-11-24
669,Gearard,Inmett,ginmettik@businesswire.com,Male,Indonesia,blogger.com,2000-05-27
670,Eleanora,Maycey,emayceyil@alexa.com,Female,Philippines,npr.org,1955-02-19
671,Kippie,Melendez,kmelendezim@forbes.com,Female,Indonesia,unc.edu,1937-03-17
672,Bord,Magnus,bmagnusin@toplist.cz,Male,Philippines,disqus.com,1979-05-08
673,Geoff,Corp,gcorpio@hhs.gov,Male,Yemen,photobucket.com,2009-07-07
674,Godfrey,Montes,gmontesip@virginia.edu,Male,Russia,mozilla.org,1944-10-04
675,Salem,MacDiarmond,smacdiarmondiq@youtube.com,Male,Ukraine,boston.com,1994-11-09
676,Linnell,Wennam,lwennamir@businessinsider.com,Genderqueer,China,japanpost.jp,1938-07-13
677,Napoleon,Pinnock,npinnockis@newyorker.com,Male,Colombia,xinhuanet.com,1934-04-15
678,Catie,Probey,cprobeyit@mozilla.org,Female,Indonesia,twitter.com,2011-09-14
679,Sanford,Chevolleau,schevolleauiu@dyndns.org,Male,South Korea,uiuc.edu,1940-05-29
680,Natalee,De Lacey,ndelaceyiv@zimbio.com,Genderfluid,Indonesia,columbia.edu,1967-01-15
681,Emelda,Straine,estraineiw@networksolutions.com,Female,Indonesia,ask.com,1952-01-29
682,Modesty,Sharrock,msharrockix@adobe.com,Polygender,Peru,geocities.com,1980-06-07
683,Washington,Pressman,wpressmaniy@techcrunch.com,Male,China,zimbio.com,1940-02-21
684,Dewie,O'Donohue,dodonohueiz@about.me,Male,Argentina,slate.com,1949-06-21
685,Karisa,Kedwell,kkedwellj0@theglobeandmail.com,Female,Madagascar,surveymonkey.com,1984-05-14
686,Pepe,Woodroof,pwoodroofj1@reference.com,Male,South Africa,usnews.com,1998-07-02
687,Louie,Onslow,lonslowj2@phpbb.com,Male,Brazil,jugem.jp,1979-07-23
688,Serge,Giacomazzo,sgiacomazzoj3@blogs.com,Male,Uganda,army.mil,2020-11-08
689,Rochester,Scading,rscadingj4@edublogs.org,Bigender,China,hexun.com,1943-04-20
690,Aggy,McSparran,amcsparranj5@yellowbook.com,Female,Philippines,alexa.com,2002-11-28
691,Rodina,Mulryan,rmulryanj6@parallels.com,Female,China,indiatimes.com,1991-10-16
692,Dorthea,Redit,dreditj7@netvibes.com,Polygender,China,nifty.com,1975-04-26
693,Alyda,Dodgshun,adodgshunj8@kickstarter.com,Female,China,psu.edu,2013-10-03
694,Vito,Pawlyn,vpawlynj9@ezinearticles.com,Male,Colombia,gnu.org,1944-03-26
695,Elga,Abate,eabateja@google.cn,Female,China,tmall.com,1976-11-29
696,Gabe,Parnall,gparnalljb@desdev.cn,Male,Brazil,census.gov,1993-07-10
697,Violette,Likely,vlikelyjc@cyberchimps.com,Female,Norway,mozilla.org,1954-05-07
698,Ali,St Quenin,astqueninjd@pagesperso-orange.fr,Male,Saint Vincent and the Grenadines,miitbeian.gov.cn,2023-02-23
699,Thorndike,Blankley,tblankleyje@craigslist.org,Male,Ukraine,cloudflare.com,1938-11-05
700,Wayne,Husk,whuskjf@goo.gl,Male,Belarus,geocities.jp,1934-11-20
701,Jules,Trengrove,jtrengrovejg@fotki.com,Male,United States,plala.or.jp,1974-07-15
702,Morena,Dusting,mdustingjh@wix.com,Female,Sweden,nhs.uk,2019-08-14
703,Stephi,Folcarelli,sfolcarelliji@tumblr.com,Female,China,storify.com,2007-09-05
704,Ari,Shwalbe,ashwalbejj@mediafire.com,Male,Bahamas,constantcontact.com,1973-06-21
705,Meghan,Tiuit,mtiuitjk@e-recht24.de,Female,Indonesia,bigcartel.com,1951-04-04
706,Howie,Atwell,hatwelljl@taobao.com,Male,Brazil,spotify.com,2006-03-02
707,Godart,Rennie,grenniejm@sitemeter.com,Agender,Nigeria,guardian.co.uk,1937-05-27
708,Ashton,Baume,abaumejn@eventbrite.com,Male,Indonesia,ted.com,2019-08-14
709,Hendrika,Archer,harcherjo@so-net.ne.jp,Female,Iraq,washington.edu,1978-08-27
710,Pamela,Van de Velde,pvandeveldejp@forbes.com,Female,Indonesia,squidoo.com,1965-03-22
711,Kayla,Fike,kfikejq@ycombinator.com,Female,Sweden,comcast.net,1969-06-18
712,Edita,Moat,emoatjr@weather.com,Female,Portugal,deviantart.com,2022-07-10
713,Bettina,Priestley,bpriestleyjs@abc.net.au,Female,Nigeria,rakuten.co.jp,1999-07-05
714,Winifred,Gellately,wgellatelyjt@t.co,Female,Philippines,google.es,1953-11-30
715,Lyon,Maccrie,lmaccrieju@ustream.tv,Male,China,unicef.org,1973-12-12
716,Austen,O'Feeny,aofeenyjv@themeforest.net,Male,China,diigo.com,1969-05-12
717,Meade,Buttrey,mbuttreyjw@samsung.com,Female,China,jiathis.com,1951-01-07
718,Liv,Roches,lrochesjx@home.pl,Female,Russia,infoseek.co.jp,2008-12-19
719,Dina,Gaize,dgaizejy@jiathis.com,Female,Poland,stanford.edu,2019-10-29
720,Elsa,Shorbrook,eshorbrookjz@desdev.cn,Female,Argentina,ftc.gov,1996-09-09
721,Charlotte,Wellman,cwellmank0@patch.com,Female,China,latimes.com,1944-07-01
722,Zsa zsa,Winteringham,zwinteringhamk1@twitter.com,Female,China,webs.com,2004-05-14
723,Cassondra,Bover,cboverk2@irs.gov,Genderfluid,China,sphinn.com,1968-04-15
724,Jackquelin,Langlands,jlanglandsk3@people.com.cn,Female,China,addtoany.com,2007-01-14
725,Rita,Gilhool,rgilhoolk4@biglobe.ne.jp,Female,South Africa,vistaprint.com,1938-01-16
726,Fancy,Cogman,fcogmank5@webeden.co.uk,Female,Macedonia,seattletimes.com,1945-09-28
727,Ivan,Volker,ivolkerk6@shutterfly.com,Male,Colombia,blinklist.com,1936-01-08
728,Laurie,Bohills,lbohillsk7@psu.edu,Male,United States,google.de,1946-11-22
729,Rodd,Amps,rampsk8@1688.com,Agender,China,dion.ne.jp,1933-11-09
730,Gustavo,Tweedlie,gtweedliek9@bigcartel.com,Male,Russia,hatena.ne.jp,1974-09-05
731,Sondra,Gerardet,sgerardetka@yellowpages.com,Female,Russia,vistaprint.com,1961-06-25
732,Levon,Grierson,lgriersonkb@goo.gl,Male,Malta,alexa.com,1989-06-19
733,Willyt,Jentges,wjentgeskc@yellowpages.com,Female,Poland,people.com.cn,1989-06-25
734,Dari,Shenton,dshentonkd@time.com,Female,Iran,google.cn,2018-10-15
735,Ellissa,Matieu,ematieuke@newsvine.com,Female,Portugal,i2i.jp,2016-06-07
736,Salomo,Goly,sgolykf@mapy.cz,Polygender,China,deliciousdays.com,1944-06-06
737,Karilynn,McShee,kmcsheekg@hao123.com,Female,Philippines,ezinearticles.com,1978-04-23
738,Fiorenze,Scawn,fscawnkh@simplemachines.org,Bigender,Wallis and Futuna,mozilla.org,2019-10-17
739,Ainslee,Baldinotti,abaldinottiki@jalbum.net,Female,China,t.co,1957-05-03
740,Margaux,Schulz,mschulzkj@liveinternet.ru,Female,Japan,github.io,1949-07-13
741,Adaline,Bate,abatekk@mtv.com,Agender,United States,simplemachines.org,2009-06-26
742,Cash,Brownjohn,cbrownjohnkl@globo.com,Bigender,Panama,skyrock.com,1970-09-26
743,Harlie,Bohling,hbohlingkm@sbwire.com,Female,China,livejournal.com,1992-05-15
744,Andi,Lusty,alustykn@squidoo.com,Female,China,ibm.com,1980-01-30
745,Sayer,Brasher,sbrasherko@mashable.com,Male,Brazil,jigsy.com,2016-01-19
746,Malva,Gofton,mgoftonkp@instagram.com,Female,Ireland,xrea.com,1950-10-29
747,Ambros,McGiveen,amcgiveenkq@hostgator.com,Male,China,senate.gov,1968-03-10
748,Bevon,Pirkis,bpirkiskr@answers.com,Male,Portugal,furl.net,1978-09-07
749,Leona,Rapson,lrapsonks@jalbum.net,Polygender,Iran,wikimedia.org,1997-06-04
750,Fair,Bensen,fbensenkt@fastcompany.com,Polygender,Brazil,is.gd,1955-09-01
751,Fletcher,Jeffree,fjeffreeku@harvard.edu,Male,Portugal,g.co,2021-10-19
752,Base,Saket,bsaketkv@list-manage.com,Male,Colombia,cnbc.com,1943-06-30
753,Israel,Kleinstern,ikleinsternkw@whitehouse.gov,Male,Egypt,geocities.com,2014-12-07
754,Kacey,Lawlance,klawlancekx@indiegogo.com,Female,Bulgaria,weibo.com,1982-06-25
755,Dacy,Hinnerk,dhinnerkky@oaic.gov.au,Female,China,yolasite.com,2023-02-02
756,Abbi,Francke,afranckekz@vistaprint.com,Female,Poland,photobucket.com,1939-01-26
757,Rutter,Studholme,rstudholmel0@phpbb.com,Male,France,tmall.com,2000-03-08
758,Ottilie,Hallgarth,ohallgarthl1@abc.net.au,Female,China,forbes.com,2017-08-10
759,Garrik,Sogg,gsoggl2@booking.com,Male,Russia,elpais.com,2000-07-11
760,Ario,Lineen,alineenl3@bbb.org,Male,China,blogs.com,1945-10-31
761,Josefa,Valsler,jvalslerl4@sfgate.com,Female,China,soundcloud.com,1990-06-15
762,Bernete,Gutcher,bgutcherl5@baidu.com,Female,Italy,cdc.gov,1949-12-17
763,Blithe,Longhorne,blonghornel6@chronoengine.com,Female,China,cbslocal.com,1981-07-31
764,Chan,Bouette,cbouettel7@symantec.com,Male,Albania,yahoo.co.jp,1960-01-22
765,Hube,Olpin,holpinl8@issuu.com,Male,Bermuda,hc360.com,2013-11-08
766,Ashla,Sheather,asheatherl9@comsenz.com,Female,Portugal,qq.com,2013-01-21
767,Laural,Leupoldt,lleupoldtla@wordpress.org,Female,United States,sitemeter.com,1997-11-01
768,Esther,Fidell,efidelllb@ow.ly,Female,China,google.it,1956-04-29
769,Lind,Clapham,lclaphamlc@joomla.org,Female,Philippines,skyrock.com,1980-03-12
770,Olin,Pickering,opickeringld@disqus.com,Male,Portugal,merriam-webster.com,2020-04-06
771,Gail,Dougan,gdouganle@live.com,Male,Philippines,google.nl,1987-10-21
772,Mischa,Lathaye,mlathayelf@reverbnation.com,Male,Uruguay,hubpages.com,1964-06-27
773,Haywood,Moreman,hmoremanlg@storify.com,Male,Morocco,sciencedirect.com,2022-10-25
774,Patrizius,Scoble,pscoblelh@macromedia.com,Male,Indonesia,cdbaby.com,1968-02-05
775,Gonzales,Robertsen,grobertsenli@virginia.edu,Male,United States,about.me,1959-02-05
776,Chrystel,Lexa,clexalj@istockphoto.com,Female,China,printfriendly.com,1952-11-27
777,Gaile,Halbord,ghalbordlk@redcross.org,Male,China,scientificamerican.com,1982-06-26
778,Durante,Benbow,dbenbowll@biblegateway.com,Male,Germany,seattletimes.com,1990-11-18
779,Brandice,Sodor,bsodorlm@soundcloud.com,Female,China,wordpress.com,1984-02-12
780,Hyacinthia,Aizikov,haizikovln@bbb.org,Polygender,Kuwait,house.gov,1980-08-26
781,Kelly,Lacroux,klacrouxlo@psu.edu,Male,Armenia,wiley.com,1955-11-14
782,Paxon,Syde,psydelp@ucla.edu,Male,Iran,state.gov,1945-07-29
783,Jule,Veneur,jveneurlq@dailymail.co.uk,Male,Ethiopia,lycos.com,1935-04-22
784,Benedikt,Monks,bmonkslr@hubpages.com,Male,Russia,photobucket.com,1973-01-18
785,Garth,Gilby,ggilbyls@mail.ru,Male,Peru,elegantthemes.com,1989-12-03
786,Solomon,Kernock,skernocklt@twitter.com,Male,Honduras,harvard.edu,1935-08-04
787,Nora,Noke,nnokelu@meetup.com,Agender,Colombia,wix.com,1980-10-25
788,Quincey,Speke,qspekelv@forbes.com,Male,China,prlog.org,2013-09-03
789,Falkner,Earingey,fearingeylw@latimes.com,Male,Chile,ca.gov,2002-02-13
790,Floyd,Wimlet,fwimletlx@i2i.jp,Male,Indonesia,php.net,2014-06-21
791,Tiphani,Burghill,tburghillly@goo.ne.jp,Female,Poland,unesco.org,1950-08-15
792,Lin,Peres,lpereslz@geocities.com,Genderfluid,Nicaragua,cdbaby.com,1933-08-16
793,Anabal,Winscom,awinscomm0@tumblr.com,Female,China,example.com,1979-07-20
794,Cassie,Randerson,crandersonm1@techcrunch.com,Male,Indonesia,mtv.com,1983-01-20
795,Agosto,Hamlett,ahamlettm2@jalbum.net,Male,China,soup.io,1981-11-02
796,Ferd,Kite,fkitem3@comsenz.com,Male,France,umn.edu,1996-11-16
797,Jae,Allin,jallinm4@cnet.com,Male,Indonesia,behance.net,1997-08-17
798,Augy,Gontier,agontierm5@imdb.com,Bigender,Portugal,psu.edu,1931-04-30
799,Craig,Maberley,cmaberleym6@hugedomains.com,Male,Tajikistan,archive.org,2004-12-19
800,Lem,Nise,lnisem7@theatlantic.com,Male,Philippines,reverbnation.com,2010-05-14
801,Reamonn,Skupinski,rskupinskim8@bloglovin.com,Male,Finland,xrea.com,1985-02-25
802,Calv,Nijssen,cnijssenm9@jalbum.net,Male,Palestinian Territory,paypal.com,1967-04-25
803,Tiphani,Hallihan,thallihanma@cafepress.com,Female,Guinea-Bissau,cocolog-nifty.com,1996-02-17
804,Tatum,Dundendale,tdundendalemb@mapquest.com,Female,United States,youku.com,1930-12-13
805,Rhianon,Polglaze,rpolglazemc@mediafire.com,Female,Cuba,ft.com,1973-06-29
806,Codi,Dreghorn,cdreghornmd@mapy.cz,Female,Pakistan,wix.com,1949-01-27
807,Hagen,Northbridge,hnorthbridgeme@ameblo.jp,Male,New Zealand,google.ru,1997-02-16
808,Niki,Yatman,nyatmanmf@dyndns.org,Male,Philippines,mapquest.com,1962-04-27
809,Ailyn,Cund,acundmg@icio.us,Genderqueer,Philippines,nifty.com,2011-09-02
810,Delora,Tattershall,dtattershallmh@istockphoto.com,Female,Poland,quantcast.com,1938-01-27
811,Catherin,Sibson,csibsonmi@npr.org,Female,Russia,nasa.gov,1978-04-22
812,Eben,Watmough,ewatmoughmj@ifeng.com,Male,Vietnam,nps.gov,1967-09-05
813,Siouxie,Ceschini,sceschinimk@blinklist.com,Female,Tanzania,xinhuanet.com,1955-08-01
814,Vite,Botting,vbottingml@mac.com,Male,Malaysia,odnoklassniki.ru,1943-11-11
815,Ximenez,Creak,xcreakmm@columbia.edu,Male,Kiribati,yandex.ru,1977-11-14
816,Lea,Blaisdale,lblaisdalemn@epa.gov,Female,United States,reverbnation.com,1950-09-15
817,Jacky,McComas,jmccomasmo@nih.gov,Female,China,msn.com,1990-01-18
818,Edlin,Harrell,eharrellmp@friendfeed.com,Male,Poland,wired.com,2008-02-26
819,Pen,Pavlitschek,ppavlitschekmq@google.fr,Male,Thailand,gravatar.com,2004-09-17
820,Ailene,Grigoli,agrigolimr@csmonitor.com,Bigender,Czech Republic,squarespace.com,1995-04-03
821,Ado,Dunster,adunsterms@opensource.org,Male,Honduras,blogspot.com,1933-12-11
822,Raynard,Knaggs,rknaggsmt@zimbio.com,Male,Russia,berkeley.edu,1962-05-18
823,Paloma,Heilds,pheildsmu@istockphoto.com,Female,Palestinian Territory,nature.com,1988-03-31
824,Abdel,Mandry,amandrymv@unc.edu,Male,Malaysia,yellowbook.com,2022-12-08
825,Berkley,Percy,bpercymw@ezinearticles.com,Male,Philippines,sogou.com,1992-04-12
826,Benji,Rolls,brollsmx@topsy.com,Male,Portugal,bloglines.com,1934-11-07
827,Abba,Nawton,anawtonmy@alibaba.com,Male,Nigeria,yandex.ru,2019-10-20
828,Kelsey,Connew,kconnewmz@harvard.edu,Male,Ukraine,devhub.com,1983-01-21
829,Vaughan,Brimicombe,vbrimicomben0@shop-pro.jp,Bigender,Indonesia,technorati.com,1995-01-01
830,Dona,Testro,dtestron1@who.int,Female,Ghana,fotki.com,1976-08-01
831,Sena,Huntly,shuntlyn2@engadget.com,Female,Thailand,ftc.gov,1989-05-28
832,Culver,Jurkiewicz,cjurkiewiczn3@jugem.jp,Male,Martinique,ca.gov,1981-09-07
833,Clarice,Jacketts,cjackettsn4@usnews.com,Female,Papua New Guinea,nyu.edu,1978-08-12
834,Livvie,Izatt,lizattn5@slate.com,Female,Mexico,freewebs.com,1944-12-27
835,Nicola,Jardine,njardinen6@diigo.com,Male,Indonesia,chicagotribune.com,1972-06-13
836,Bond,Vernazza,bvernazzan7@yelp.com,Male,Indonesia,ox.ac.uk,1999-08-30
837,Lanie,Revett,lrevettn8@cbslocal.com,Bigender,Czech Republic,domainmarket.com,1991-05-26
838,Dewitt,Esmond,desmondn9@google.es,Male,Indonesia,unblog.fr,1946-01-05
839,Nannie,Johannesson,njohannessonna@thetimes.co.uk,Non-binary,Russia,kickstarter.com,2007-12-17
840,Ibrahim,Tomkins,itomkinsnb@psu.edu,Male,Equatorial Guinea,blinklist.com,2012-03-01
841,Bradford,Dalla,bdallanc@amazon.de,Male,Russia,census.gov,2015-01-25
842,Gerik,Cockburn,gcockburnnd@hibu.com,Male,Russia,printfriendly.com,1936-01-20
843,Richardo,MacDonald,rmacdonaldne@salon.com,Male,Mexico,ustream.tv,1949-10-24
844,Naomi,Burger,nburgernf@edublogs.org,Female,Indonesia,ucoz.com,1936-08-22
845,Darrell,Bernardinelli,dbernardinelling@ovh.net,Male,Indonesia,plala.or.jp,1964-05-12
846,Hadley,Grimsey,hgrimseynh@acquirethisname.com,Male,Nigeria,comsenz.com,2012-06-24
847,Muhammad,Wimpey,mwimpeyni@xinhuanet.com,Male,Brazil,businessweek.com,2017-07-14
848,Thibaud,Raffin,traffinnj@canalblog.com,Male,France,google.com.br,1957-10-20
849,Linn,Stanislaw,lstanislawnk@independent.co.uk,Bigender,Russia,ebay.com,2017-02-08
850,Joyan,Tizard,jtizardnl@blog.com,Female,Venezuela,newsvine.com,1963-09-17
851,Dominica,Scourge,dscourgenm@cam.ac.uk,Female,Argentina,engadget.com,1977-05-05
852,Ozzy,Aspin,oaspinnn@google.ru,Male,Peru,de.vu,1953-09-12
853,Waylen,Voase,wvoaseno@google.cn,Male,Syria,paginegialle.it,1938-01-24
854,Rosanne,Swadlinge,rswadlingenp@oaic.gov.au,Female,Morocco,prnewswire.com,1990-10-25
855,Addison,Coveley,acoveleynq@imgur.com,Agender,Ukraine,topsy.com,1968-03-06
856,Caddric,Ruprich,cruprichnr@uiuc.edu,Male,Indonesia,twitter.com,1961-11-14
857,Ilysa,Tissell,itissellns@jiathis.com,Female,China,liveinternet.ru,1962-03-02
858,Pris,Corkill,pcorkillnt@admin.ch,Female,Dominica,dion.ne.jp,2013-02-08
859,Augustina,Keady,akeadynu@oaic.gov.au,Female,Canada,newyorker.com,1968-12-24
860,Chicky,Forrester,cforresternv@printfriendly.com,Male,Canada,mozilla.org,1965-11-08
861,Dolley,Eyden,deydennw@seesaa.net,Agender,Greece,deliciousdays.com,1972-07-11
862,Nap,Maneylaws,nmaneylawsnx@skype.com,Male,Mexico,bing.com,1981-02-07
863,Mae,Moorcroft,mmoorcroftny@wsj.com,Female,Indonesia,amazon.de,1950-11-08
864,Crichton,Burleton,cburletonnz@issuu.com,Male,Sweden,youku.com,2003-05-05
865,Abbye,Megahey,amegaheyo0@smh.com.au,Female,Nigeria,cbslocal.com,1976-06-09
866,Vanya,Elgey,velgeyo1@mlb.com,Female,United States,unblog.fr,1997-05-31
867,Johna,Hargie,jhargieo2@nifty.com,Female,Afghanistan,lulu.com,1985-07-14
868,Eliza,Bascombe,ebascombeo3@xing.com,Female,Bulgaria,walmart.com,2006-02-09
869,Sherlock,Keri,skerio4@livejournal.com,Male,Portugal,github.io,1970-10-11
870,Hayward,Proske,hproskeo5@yelp.com,Bigender,South Korea,cornell.edu,1966-12-01
871,Loleta,Werlock,lwerlocko6@sogou.com,Female,Russia,123-reg.co.uk,2023-05-27
872,Northrup,Truse,ntruseo7@mozilla.com,Male,Russia,sakura.ne.jp,1953-03-24
873,Agneta,Kersting,akerstingo8@uol.com.br,Polygender,China,deliciousdays.com,1973-08-25
874,Verna,Kmicicki,vkmicickio9@state.gov,Female,Japan,ucoz.com,1974-04-09
875,Merrilee,Cust,mcustoa@geocities.com,Female,Vietnam,rambler.ru,1971-08-31
876,Adriano,Bertot,abertotob@clickbank.net,Male,Philippines,archive.org,2011-08-30
877,Denny,Adamkiewicz,dadamkiewiczoc@paginegialle.it,Male,China,studiopress.com,1960-06-12
878,Annis,Veall,aveallod@multiply.com,Female,Czech Republic,flavors.me,1978-08-03
879,Elena,Scotchbourouge,escotchbourougeoe@weather.com,Female,Philippines,ted.com,1941-12-13
880,Ceil,Cogswell,ccogswellof@blinklist.com,Female,Indonesia,java.com,2012-01-08
881,Beniamino,Scudder,bscudderog@youtu.be,Male,Honduras,odnoklassniki.ru,1999-05-05
882,Gardie,Burkitt,gburkittoh@canalblog.com,Male,Guatemala,ftc.gov,2012-02-29
883,Killie,Sermin,kserminoi@ft.com,Male,Ukraine,time.com,2014-10-14
884,Alden,Turfin,aturfinoj@about.com,Male,China,ca.gov,1939-02-28
885,Cort,Cobelli,ccobelliok@tiny.cc,Male,Vietnam,w3.org,1935-09-04
886,Carlo,Pratley,cpratleyol@ox.ac.uk,Male,Argentina,google.nl,1999-10-29
887,Sukey,Halligan,shalliganom@cdc.gov,Female,Peru,cyberchimps.com,1950-06-22
888,Merrilee,Ragsdall,mragsdallon@hostgator.com,Female,Japan,latimes.com,2016-09-04
889,Wald,Griffe,wgriffeoo@constantcontact.com,Male,Poland,joomla.org,2008-05-30
890,Oby,Klink,oklinkop@nature.com,Male,Poland,vinaora.com,1988-05-02
891,Madalyn,Kirsch,mkirschoq@wikia.com,Female,Mongolia,umich.edu,2012-05-01
892,Araldo,Clow,aclowor@netscape.com,Male,Argentina,netlog.com,1997-11-03
893,Noelle,Witz,nwitzos@usnews.com,Female,Russia,arstechnica.com,1977-10-08
894,Roley,Troy,rtroyot@gizmodo.com,Male,Russia,github.io,2001-10-15
895,Val,O'Lynn,volynnou@csmonitor.com,Non-binary,Indonesia,godaddy.com,1936-02-08
896,Corilla,Beany,cbeanyov@deliciousdays.com,Female,Philippines,parallels.com,2002-08-10
897,Mycah,Meier,mmeierow@edublogs.org,Male,Indonesia,illinois.edu,2013-10-22
898,Mathilda,Clayworth,mclayworthox@huffingtonpost.com,Female,Japan,is.gd,1982-11-24
899,Kiah,Whiteoak,kwhiteoakoy@yelp.com,Female,Thailand,jugem.jp,2003-02-01
900,Donny,Coit,dcoitoz@google.pl,Agender,China,last.fm,1970-03-20
901,Georges,Parkman,gparkmanp0@youku.com,Male,China,tripod.com,2005-04-20
902,Reggis,Anning,ranningp1@uiuc.edu,Male,Poland,w3.org,2003-01-04
903,Fraze,Thistleton,fthistletonp2@jalbum.net,Male,Russia,sun.com,1971-11-07
904,Kylie,Flohard,kflohardp3@dedecms.com,Female,Indonesia,upenn.edu,2022-04-23
905,Elle,Dohr,edohrp4@livejournal.com,Female,Czech Republic,naver.com,2003-03-26
906,Terrie,Orme,tormep5@ebay.co.uk,Female,Indonesia,umn.edu,1982-11-04
907,Joshua,Lavalle,jlavallep6@google.co.uk,Male,Hungary,google.fr,1935-08-11
908,Penny,Pheasant,ppheasantp7@pen.io,Male,Nigeria,samsung.com,2016-07-02
909,Ricky,Adlem,radlemp8@theatlantic.com,Female,Armenia,bbb.org,1955-06-22
910,Murry,Gittose,mgittosep9@ucoz.ru,Male,Germany,usnews.com,2019-11-29
911,Elberta,Bruckstein,ebrucksteinpa@adobe.com,Female,Indonesia,hhs.gov,1946-12-21
912,Brandi,Asser,basserpb@ask.com,Female,China,wisc.edu,2008-05-31
913,Charisse,Ridings,cridingspc@mlb.com,Agender,United States,ox.ac.uk,1953-09-21
914,Ogden,Freschi,ofreschipd@cafepress.com,Male,Curacao,mediafire.com,2023-10-07
915,Daile,Clerc,dclercpe@ucoz.ru,Female,Portugal,amazon.co.jp,1944-11-15
916,Danette,McIlenna,dmcilennapf@de.vu,Female,Luxembourg,flavors.me,1950-01-28
917,Jessie,Govenlock,jgovenlockpg@sitemeter.com,Female,France,unblog.fr,1956-08-11
918,Abba,Hewkin,ahewkinph@europa.eu,Genderfluid,Italy,wordpress.com,2018-06-19
919,Dyan,Robb,drobbpi@spiegel.de,Female,Brazil,vistaprint.com,2009-02-27
920,Ansell,Foggo,afoggopj@census.gov,Male,Ireland,godaddy.com,1932-02-29
921,Neda,Scambler,nscamblerpk@feedburner.com,Female,France,mozilla.com,2009-05-06
922,Jens,Kornilyev,jkornilyevpl@freewebs.com,Male,China,blogspot.com,1946-11-15
923,Tuesday,Eykel,teykelpm@phpbb.com,Female,Kazakhstan,twitter.com,1961-07-23
924,Claretta,Wicklin,cwicklinpn@tinyurl.com,Female,Mexico,soup.io,1946-09-28
925,Sawyere,Filkin,sfilkinpo@seattletimes.com,Male,China,yandex.ru,1946-04-30
926,Meriel,MacDermand,mmacdermandpp@blog.com,Female,Portugal,unc.edu,1989-12-29
927,Sheffy,MacKibbon,smackibbonpq@aol.com,Male,Philippines,netscape.com,1952-09-27
928,Dorie,Urridge,durridgepr@ask.com,Female,Poland,netvibes.com,1932-05-28
929,Shelton,Canaan,scanaanps@nps.gov,Male,China,netscape.com,1959-07-15
930,Clementius,Renish,crenishpt@who.int,Male,France,51.la,1987-08-01
931,Stephie,Rosellini,srosellinipu@unesco.org,Female,Indonesia,cafepress.com,2015-06-19
932,Coriss,Jefferson,cjeffersonpv@twitpic.com,Non-binary,Thailand,furl.net,2004-08-20
933,Emilee,Yukhtin,eyukhtinpw@marriott.com,Female,China,npr.org,2017-11-06
934,Sharona,Wilber,swilberpx@ftc.gov,Female,Poland,xinhuanet.com,1945-04-13
935,Darrell,Garlicke,dgarlickepy@dagondesign.com,Male,Philippines,angelfire.com,1979-08-09
936,Laney,Allner,lallnerpz@dagondesign.com,Male,Swaziland,forbes.com,1945-06-12
937,Lizbeth,Miskimmon,lmiskimmonq0@fastcompany.com,Female,Bhutan,wix.com,1952-03-28
938,Robbie,Opie,ropieq1@slideshare.net,Male,China,nymag.com,1979-08-19
939,Ketty,Puller,kpullerq2@ox.ac.uk,Female,Honduras,goodreads.com,1997-02-18
940,Norbie,Cristofano,ncristofanoq3@nhs.uk,Male,Moldova,cocolog-nifty.com,1952-01-12
941,Leonanie,Ucceli,lucceliq4@amazon.co.jp,Female,Russia,plala.or.jp,1985-06-25
942,Luke,Axel,laxelq5@mac.com,Male,China,cbc.ca,2015-04-20
943,Tudor,Ninotti,tninottiq6@home.pl,Male,Albania,edublogs.org,1994-10-25
944,Kyla,Harty,khartyq7@cbsnews.com,Female,Greece,ebay.com,1962-12-06
945,Rodney,Pointer,rpointerq8@sitemeter.com,Male,Brazil,sourceforge.net,1984-12-01
946,Audi,Renihan,arenihanq9@flavors.me,Female,Czech Republic,adobe.com,2008-10-17
947,Ashlin,Cushion,acushionqa@go.com,Male,Indonesia,gov.uk,2019-08-18
948,Romona,Garaway,rgarawayqb@fc2.com,Female,China,fema.gov,1982-11-17
949,Teirtza,Dunabie,tdunabieqc@rediff.com,Female,Argentina,shutterfly.com,1958-12-31
950,Natalina,Rubroe,nrubroeqd@nydailynews.com,Female,Tajikistan,go.com,1969-11-21
951,Harald,Bromfield,hbromfieldqe@icio.us,Male,Russia,cpanel.net,1937-05-22
952,Xever,Bastian,xbastianqf@pen.io,Male,Philippines,scientificamerican.com,2008-12-27
953,Thurston,Lowre,tlowreqg@hhs.gov,Male,Philippines,blog.com,2002-10-22
954,Skell,Fitchett,sfitchettqh@europa.eu,Male,Poland,buzzfeed.com,1966-03-16
955,Cherilyn,Rault,craultqi@odnoklassniki.ru,Female,Indonesia,skyrock.com,1967-04-16
956,Lorraine,Luis,lluisqj@networkadvertising.org,Female,Monaco,hao123.com,1999-04-23
957,Christopher,Iston,cistonqk@g.co,Genderqueer,Czech Republic,mlb.com,1973-07-20
958,Magdalene,Salandino,msalandinoql@mlb.com,Non-binary,Zambia,ycombinator.com,1947-05-20
959,Ardyce,Pottell,apottellqm@nature.com,Female,Haiti,wsj.com,1991-07-12
960,Kristofer,Tiddeman,ktiddemanqn@meetup.com,Male,Indonesia,nps.gov,2014-06-02
961,Chrissy,Lowbridge,clowbridgeqo@163.com,Female,Brazil,washington.edu,1937-10-19
962,Archie,Howey,ahoweyqp@si.edu,Male,Russia,ftc.gov,2006-06-16
963,Johnnie,Hassard,jhassardqq@rambler.ru,Male,Uganda,nytimes.com,1984-02-13
964,Pooh,Smoughton,psmoughtonqr@cisco.com,Female,Philippines,economist.com,1948-10-10
965,Dud,Kinforth,dkinforthqs@a8.net,Genderfluid,Philippines,toplist.cz,1957-01-11
966,Alli,Debrick,adebrickqt@cbslocal.com,Female,China,umn.edu,1983-06-01
967,Guenevere,Garrad,ggarradqu@techcrunch.com,Female,Indonesia,mail.ru,2007-10-25
968,Leonanie,Whitehorne,lwhitehorneqv@nsw.gov.au,Female,China,elegantthemes.com,1969-04-11
969,Berta,Illingworth,billingworthqw@shareasale.com,Female,Indonesia,freewebs.com,2012-04-22
970,Diann,Berrycloth,dberryclothqx@acquirethisname.com,Female,France,sitemeter.com,1995-11-12
971,Roscoe,Huckleby,rhucklebyqy@cnbc.com,Male,Bolivia,woothemes.com,1938-11-19
972,Giacobo,Van der Baaren,gvanderbaarenqz@hugedomains.com,Male,Iran,arstechnica.com,2017-12-21
973,Porter,De Caville,pdecaviller0@eventbrite.com,Male,Philippines,stumbleupon.com,1990-08-28
974,Karry,Forrester,kforresterr1@hc360.com,Female,Indonesia,bravesites.com,1937-01-12
975,Joellen,Dibbert,jdibbertr2@meetup.com,Female,Russia,cnn.com,2011-04-12
976,Sylas,Gilffillan,sgilffillanr3@mtv.com,Male,Mongolia,netvibes.com,2020-06-01
977,Crissie,Rappport,crappportr4@seesaa.net,Bigender,Azerbaijan,indiegogo.com,1939-09-18
978,Reine,Luc,rlucr5@cornell.edu,Female,Egypt,ucla.edu,2022-08-14
979,Steward,Crecy,screcyr6@netscape.com,Male,China,irs.gov,1933-06-15
980,Garey,Proudlock,gproudlockr7@nps.gov,Male,Canada,wisc.edu,2013-11-03
981,Brooke,Kitchinham,bkitchinhamr8@wordpress.com,Male,China,mail.ru,1953-01-23
982,Guillaume,Plewes,gplewesr9@bloglines.com,Male,China,ow.ly,1969-08-10
983,Elaina,Tourot,etourotra@shinystat.com,Female,Vietnam,privacy.gov.au,1945-05-12
984,Bev,Jenicek,bjenicekrb@intel.com,Male,Poland,cmu.edu,1971-09-06
985,Flo,Kepe,fkeperc@ihg.com,Female,Russia,51.la,2017-10-15
986,Dorene,Whalebelly,dwhalebellyrd@storify.com,Female,Ireland,prlog.org,2012-08-30
987,Seumas,Sutterfield,ssutterfieldre@alibaba.com,Male,Philippines,disqus.com,1962-07-31
988,Tommy,Husby,thusbyrf@pbs.org,Female,Thailand,statcounter.com,1976-11-21
989,Ninnette,Hindmoor,nhindmoorrg@desdev.cn,Female,Panama,ed.gov,1992-06-01
990,Timothea,Lovelock,tlovelockrh@sun.com,Female,Russia,telegraph.co.uk,1963-03-17
991,Hurley,Wynes,hwynesri@china.com.cn,Male,Tunisia,list-manage.com,1965-03-14
992,Clementia,Gronw,cgronwrj@bbb.org,Bigender,China,businesswire.com,1983-07-10
993,Carina,Keaves,ckeavesrk@businesswire.com,Female,Argentina,sbwire.com,2000-10-24
994,Jordan,Larraway,jlarrawayrl@jimdo.com,Female,Serbia,creativecommons.org,1953-05-18
995,Phil,Baynom,pbaynomrm@bloglines.com,Female,China,blogs.com,1931-08-18
996,Justine,Biswell,jbiswellrn@apache.org,Female,Indonesia,tumblr.com,2021-03-17
997,Enos,Andrzej,eandrzejro@statcounter.com,Male,Sierra Leone,zimbio.com,1993-02-02
998,Teressa,Syrad,tsyradrp@miibeian.gov.cn,Genderqueer,China,desdev.cn,1955-12-25
999,Tammy,Wickins,twickinsrq@ox.ac.uk,Female,Tunisia,youtube.com,1983-11-21
1000,Zebulen,Rodbourne,zrodbournerr@youtube.com,Male,Uganda,msu.edu,1938-11-07
