id,first_name,last_name,email,gender,country,domain,bird_date
1,Debora,Louis,dlouis0@slashdot.org,Female,Poland,ebay.co.uk,1947-06-29
2,Wynn,Jammet,wjammet1@devhub.com,Female,Poland,disqus.com,2023-11-18
3,Menard,Randall,mrandall2@purevolume.com,Male,China,shinystat.com,1938-01-03
4,Hamnet,Gregoraci,hgregoraci3@cbsnews.com,Genderqueer,Peru,shinystat.com,1960-05-29
5,Callean,Brandassi,cbrandassi4@noaa.gov,Male,France,1688.com,1989-05-29
6,Bing,Steptowe,bsteptowe5@hugedomains.com,Male,Indonesia,w3.org,1984-07-02
7,Rockwell,Houston,rhouston6@angelfire.com,Male,Peru,squidoo.com,2014-03-15
8,Urban,Stoppard,ustoppard7@tiny.cc,Male,China,msn.com,1986-03-06
9,Riordan,Chittock,rchittock8@studiopress.com,Male,Brazil,stanford.edu,1996-11-26
10,Brit,Cecchi,bcecchi9@vk.com,Female,South Africa,examiner.com,1950-03-12
11,Essie,Roloff,eroloffa@ifeng.com,Female,Philippines,homestead.com,1939-04-29
12,Eddie,Emanuele,eemanueleb@wordpress.com,Male,South Africa,theatlantic.com,1951-10-08
13,Christyna,Rubert,crubertc@un.org,Female,Mongolia,dyndns.org,1997-04-20
14,Benito,Blackler,bblacklerd@umich.edu,Male,Barbados,princeton.edu,2007-12-16
15,Cornie,Callum,ccallume@boston.com,Female,China,japanpost.jp,1934-02-16
16,Debra,Burdas,dburdasf@nationalgeographic.com,Female,Russia,time.com,1938-12-02
17,Maddi,Skuse,mskuseg@cam.ac.uk,Female,Trinidad and Tobago,answers.com,1988-05-30
18,Marion,Enterle,menterleh@newyorker.com,Male,China,hatena.ne.jp,1960-09-04
19,Coraline,Sollett,csolletti@homestead.com,Female,China,gmpg.org,1943-09-03
20,Corbett,Rapps,crappsj@paginegialle.it,Male,Greece,statcounter.com,2009-05-23
21,Guthrie,Verbeek,gverbeekk@trellian.com,Male,Dominican Republic,wix.com,1938-06-09
22,Gregg,Krystek,gkrystekl@dot.gov,Male,Kyrgyzstan,goodreads.com,1937-10-12
23,Johnnie,Tomkinson,jtomkinsonm@nbcnews.com,Non-binary,Philippines,princeton.edu,1935-03-01
24,Odie,Hrycek,ohrycekn@apache.org,Male,Peru,squidoo.com,2002-10-08
25,Chip,McAlinden,cmcalindeno@arizona.edu,Male,Russia,linkedin.com,1966-04-16
26,Dimitry,Crowne,dcrownep@eepurl.com,Male,Philippines,time.com,1966-07-18
27,Phyllys,Kitman,pkitmanq@sbwire.com,Female,China,ebay.co.uk,1994-03-01
28,Alic,Keavy,akeavyr@behance.net,Male,Philippines,hud.gov,1948-11-08
29,Suzanna,Dower,sdowers@wordpress.com,Female,Peru,wikia.com,2019-08-22
30,Valerye,Ferry,vferryt@creativecommons.org,Female,France,xinhuanet.com,1940-01-25
31,Claire,Reidie,creidieu@g.co,Female,Russia,hhs.gov,1946-01-13
32,Winthrop,Braksper,wbraksperv@alibaba.com,Male,Nigeria,eventbrite.com,1993-10-23
33,Ema,Brosini,ebrosiniw@cdbaby.com,Female,France,wikimedia.org,2000-03-16
34,Berton,Scanlin,bscanlinx@foxnews.com,Male,Uzbekistan,etsy.com,1938-12-17
35,Alicia,Speachley,aspeachleyy@1688.com,Female,Honduras,psu.edu,2021-10-18
36,Derward,Eliet,delietz@amazon.de,Agender,South Korea,shutterfly.com,1931-01-11
37,Tommy,Challener,tchallener10@sourceforge.net,Female,Sweden,odnoklassniki.ru,1998-07-10
38,Jennica,Quested,jquested11@acquirethisname.com,Female,Somalia,gnu.org,1951-07-02
39,Marcellus,Baus,mbaus12@tuttocitta.it,Male,China,oracle.com,1947-02-19
40,Hanson,Itzkowicz,hitzkowicz13@ebay.co.uk,Genderqueer,China,skyrock.com,1997-01-05
41,Gaylene,Willcock,gwillcock14@google.com.br,Female,Philippines,vimeo.com,1955-11-08
42,Noella,Stitwell,nstitwell15@umich.edu,Female,Brazil,booking.com,1935-09-08
43,Alessandra,Soeiro,asoeiro16@cdbaby.com,Female,China,redcross.org,1990-09-27
44,Morgen,Sherebrook,msherebrook17@washingtonpost.com,Female,Kuwait,nps.gov,1942-07-22
45,Doll,Babidge,dbabidge18@yolasite.com,Female,Russia,eepurl.com,2005-09-29
46,Freeman,Bianco,fbianco19@flavors.me,Male,Indonesia,e-recht24.de,1952-05-11
47,Anthe,Giraudo,agiraudo1a@1688.com,Female,Russia,simplemachines.org,1934-09-25
48,Lion,Domino,ldomino1b@boston.com,Male,Sweden,epa.gov,1945-06-11
49,Sophey,Piburn,spiburn1c@aboutads.info,Non-binary,Croatia,naver.com,1978-05-24
50,Lorene,Galvin,lgalvin1d@msn.com,Female,Portugal,blogs.com,1990-06-15
51,Eleni,Kowalski,ekowalski1e@networkadvertising.org,Female,China,cyberchimps.com,1956-09-12
52,Rosabelle,Lampke,rlampke1f@chron.com,Female,China,wikimedia.org,1940-02-13
53,Elvyn,Henricsson,ehenricsson1g@hud.gov,Male,Russia,about.com,1956-04-18
54,Livvy,Jirousek,ljirousek1h@whitehouse.gov,Female,Japan,constantcontact.com,1937-12-26
55,Elroy,Riddich,eriddich1i@goo.gl,Male,Russia,state.gov,1955-05-28
56,Liliane,Clausewitz,lclausewitz1j@reuters.com,Female,Philippines,wikimedia.org,1994-12-25
57,Aluin,Risebarer,arisebarer1k@naver.com,Male,Portugal,bbc.co.uk,2011-12-05
58,Ty,Spearman,tspearman1l@icq.com,Polygender,China,dell.com,2012-05-08
59,Britni,Blance,bblance1m@skype.com,Female,Russia,icq.com,2011-08-13
60,Hurleigh,Acey,hacey1n@stumbleupon.com,Male,Poland,taobao.com,1953-06-15
61,Velvet,Urch,vurch1o@elpais.com,Female,Indonesia,mozilla.com,1945-02-01
62,Artair,Cuncarr,acuncarr1p@pinterest.com,Male,Taiwan,amazon.com,2016-11-03
63,Ewart,Osburn,eosburn1q@loc.gov,Male,Portugal,nih.gov,2014-07-15
64,Agatha,McIlriach,amcilriach1r@typepad.com,Female,Somalia,techcrunch.com,1981-01-04
65,Glen,Bernocchi,gbernocchi1s@newsvine.com,Female,Ukraine,instagram.com,1936-04-05
66,Boniface,Scalera,bscalera1t@bbc.co.uk,Male,Sweden,diigo.com,1968-11-07
67,Jean,Kemshell,jkemshell1u@usatoday.com,Male,Namibia,altervista.org,1947-03-29
68,Randie,Goulding,rgoulding1v@irs.gov,Male,Brazil,msu.edu,1972-05-21
69,Kimbell,Fayerbrother,kfayerbrother1w@zimbio.com,Male,Croatia,boston.com,2016-11-13
70,Courtney,Ixor,cixor1x@loc.gov,Male,China,accuweather.com,2021-09-05
71,Barrie,Leitche,bleitche1y@columbia.edu,Female,Japan,ibm.com,1994-11-10
72,Jesus,Devigne,jdevigne1z@blogspot.com,Male,China,addtoany.com,2004-08-13
73,Boote,Castella,bcastella20@skyrock.com,Male,Russia,dagondesign.com,1942-12-10
74,Amberly,Vibert,avibert21@europa.eu,Genderfluid,Indonesia,topsy.com,1998-11-17
75,Virgie,Tomich,vtomich22@moonfruit.com,Male,Colombia,pbs.org,1962-05-24
76,Fanechka,Silbermann,fsilbermann23@plala.or.jp,Female,Portugal,ask.com,1999-02-11
77,Kessia,Kenforth,kkenforth24@hao123.com,Female,Macedonia,youtube.com,1956-09-23
78,Janith,Skepper,jskepper25@mysql.com,Non-binary,China,oracle.com,2004-02-09
79,Delbert,Peevor,dpeevor26@unblog.fr,Male,Mexico,barnesandnoble.com,2021-07-02
80,Terra,Bewly,tbewly27@cnn.com,Female,Indonesia,shutterfly.com,2009-11-12
81,Alane,Cosstick,acosstick28@networkadvertising.org,Female,Czech Republic,csmonitor.com,1983-01-09
82,Ira,Spatoni,ispatoni29@usgs.gov,Male,Brazil,taobao.com,1940-02-09
83,Lazare,Pate,lpate2a@uol.com.br,Male,China,hao123.com,1981-01-24
84,Randell,Locard,rlocard2b@mashable.com,Male,Jamaica,xinhuanet.com,1996-07-29
85,Bastien,Husher,bhusher2c@dyndns.org,Male,Peru,google.es,1963-04-29
86,Jacinta,Bowker,jbowker2d@psu.edu,Female,Japan,canalblog.com,2000-04-03
87,Suellen,Bartosiak,sbartosiak2e@soup.io,Agender,Guatemala,microsoft.com,2013-11-10
88,Enos,McEvon,emcevon2f@g.co,Male,China,washingtonpost.com,1969-09-14
89,Janis,Cominello,jcominello2g@photobucket.com,Female,Thailand,squidoo.com,1945-04-25
90,Babb,Ferrarello,bferrarello2h@facebook.com,Female,Indonesia,histats.com,1942-10-13
91,Baldwin,Chesshire,bchesshire2i@japanpost.jp,Male,Tunisia,theguardian.com,1998-12-14
92,Marcia,Sunderland,msunderland2j@cargocollective.com,Female,Russia,narod.ru,1986-02-17
93,Rourke,Storrock,rstorrock2k@mit.edu,Male,China,google.co.uk,1978-12-09
94,Lindie,Ethridge,lethridge2l@ed.gov,Female,Brazil,phpbb.com,1988-11-25
95,Allyn,Bernardeau,abernardeau2m@flickr.com,Female,Finland,123-reg.co.uk,1964-06-30
96,Kyle,Spradbrow,kspradbrow2n@csmonitor.com,Bigender,China,issuu.com,1947-04-29
97,Alleyn,Shepherdson,ashepherdson2o@amazon.de,Male,South Africa,uol.com.br,1970-02-22
98,Vivienne,Tedstone,vtedstone2p@netvibes.com,Female,Montenegro,csmonitor.com,1945-07-03
99,Walsh,Lukash,wlukash2q@ovh.net,Male,China,hao123.com,1949-11-30
100,Chandler,Rampage,crampage2r@marriott.com,Male,Russia,ihg.com,1958-11-04
101,Emmett,Sousa,esousa2s@slideshare.net,Male,China,tripod.com,1947-04-03
102,Libbey,Scandwright,lscandwright2t@wisc.edu,Female,Brazil,microsoft.com,1998-11-23
103,Dietrich,Loude,dloude2u@disqus.com,Male,China,businessweek.com,1980-11-19
104,Allis,Stidever,astidever2v@bravesites.com,Female,Brazil,google.com.au,1982-03-30
105,Arny,Sheward,asheward2w@google.co.uk,Male,Indonesia,linkedin.com,1968-09-14
106,Gustavo,Fant,gfant2x@1und1.de,Male,Uruguay,goo.ne.jp,1976-07-21
107,Creight,Masarrat,cmasarrat2y@booking.com,Male,France,etsy.com,1964-02-17
108,Fabe,Pabst,fpabst2z@geocities.jp,Male,Argentina,fc2.com,1957-03-03
109,Renard,Mingasson,rmingasson30@amazon.com,Male,Indonesia,usnews.com,1995-05-12
110,Justino,Glidden,jglidden31@youtu.be,Male,Morocco,unicef.org,1939-09-23
111,Aleen,Bartaletti,abartaletti32@weebly.com,Female,China,dailymail.co.uk,1976-03-17
112,Kristo,Sawdy,ksawdy33@hatena.ne.jp,Male,Sweden,ox.ac.uk,1948-10-26
113,Adlai,Schimmang,aschimmang34@seattletimes.com,Male,Egypt,cbc.ca,1971-07-10
114,Antoine,Brunroth,abrunroth35@examiner.com,Male,Brazil,lycos.com,2004-10-22
115,Davide,De Metz,ddemetz36@yandex.ru,Male,China,cornell.edu,1983-01-13
116,Chaddy,Boshier,cboshier37@mozilla.org,Male,Russia,sphinn.com,2000-01-07
117,Bobbye,Wills,bwills38@sciencedaily.com,Female,Argentina,tinyurl.com,2002-12-21
118,Ambros,Lequeux,alequeux39@joomla.org,Male,Russia,cyberchimps.com,1937-07-27
119,Greggory,Doveston,gdoveston3a@wired.com,Male,Ukraine,techcrunch.com,1982-11-16
120,Heindrick,Hart,hhart3b@4shared.com,Male,Portugal,foxnews.com,1995-05-01
121,Claresta,Fritschel,cfritschel3c@chron.com,Female,Nigeria,washington.edu,1940-04-07
122,Rooney,Broek,rbroek3d@pbs.org,Male,Philippines,cam.ac.uk,1999-10-07
123,Trumaine,Loynes,tloynes3e@unicef.org,Male,Colombia,jalbum.net,1993-07-12
124,Enrichetta,Surby,esurby3f@ihg.com,Female,China,smugmug.com,1963-06-26
125,Claribel,Gotling,cgotling3g@techcrunch.com,Female,United States,cpanel.net,1977-10-19
126,Cassy,Sterricker,csterricker3h@last.fm,Female,China,lycos.com,1954-06-04
127,Carlene,Swadon,cswadon3i@alexa.com,Female,Indonesia,psu.edu,2023-04-13
128,Vallie,Illes,villes3j@odnoklassniki.ru,Female,France,upenn.edu,1951-06-24
129,Ladonna,Chestnutt,lchestnutt3k@umn.edu,Non-binary,Portugal,wordpress.org,1986-05-04
130,Montgomery,Coolican,mcoolican3l@weebly.com,Male,Indonesia,symantec.com,1934-02-25
131,Elwood,Meekins,emeekins3m@msn.com,Male,Israel,cbsnews.com,2008-04-21
132,Cosme,Kilborn,ckilborn3n@ca.gov,Polygender,Argentina,tumblr.com,2010-02-21
133,Farica,Barkas,fbarkas3o@prnewswire.com,Female,Canada,fda.gov,1951-04-16
134,Bronny,Cassels,bcassels3p@hatena.ne.jp,Male,Brazil,goo.gl,1947-10-02
135,Dedra,Farra,dfarra3q@weibo.com,Female,Pakistan,nhs.uk,1990-06-28
136,Helen,Chazette,hchazette3r@netvibes.com,Female,Philippines,latimes.com,1974-06-14
137,Flinn,McElroy,fmcelroy3s@exblog.jp,Male,Panama,ft.com,1955-03-31
138,Murielle,Temple,mtemple3t@homestead.com,Female,Mongolia,so-net.ne.jp,2005-10-30
139,Barbabas,Kornilov,bkornilov3u@ihg.com,Male,China,barnesandnoble.com,1971-02-08
140,Zandra,Scanderet,zscanderet3v@wunderground.com,Female,Eritrea,constantcontact.com,1956-01-31
141,Eberto,Matzen,ematzen3w@nature.com,Male,Guam,posterous.com,1933-12-03
142,Chery,Souness,csouness3x@yolasite.com,Female,Argentina,diigo.com,1973-04-10
143,Sissie,Bodill,sbodill3y@cbc.ca,Non-binary,Indonesia,acquirethisname.com,1991-09-08
144,Vinny,Jeromson,vjeromson3z@reddit.com,Female,Indonesia,skype.com,1971-09-14
145,Loreen,Capper,lcapper40@vimeo.com,Female,Hungary,ning.com,2008-05-15
146,Tim,Gull,tgull41@typepad.com,Polygender,Syria,cbc.ca,2023-09-26
147,Avictor,Bedo,abedo42@google.it,Male,Brazil,usgs.gov,2001-09-10
148,Elias,Bim,ebim43@deliciousdays.com,Male,Poland,ifeng.com,1985-03-19
149,Perry,Neylan,pneylan44@studiopress.com,Male,Poland,cloudflare.com,1949-10-05
150,Hendrik,Faulds,hfaulds45@weebly.com,Male,Indonesia,amazon.de,1982-07-18
151,Rochelle,Vallender,rvallender46@ifeng.com,Female,Colombia,scientificamerican.com,1989-09-18
152,Edlin,Gibby,egibby47@mit.edu,Male,Philippines,unblog.fr,2022-08-19
153,Dallon,Janos,djanos48@telegraph.co.uk,Male,Peru,princeton.edu,1962-09-20
154,Kendrick,Hame,khame49@admin.ch,Agender,Hungary,1und1.de,2010-05-23
155,Dennet,Carneck,dcarneck4a@goo.gl,Male,Ukraine,pcworld.com,1951-07-20
156,Tony,Banford,tbanford4b@comsenz.com,Male,Pakistan,japanpost.jp,1953-04-27
157,Alexandrina,Fellgatt,afellgatt4c@newyorker.com,Female,Russia,cmu.edu,1952-10-30
158,Dennison,Gaythor,dgaythor4d@apple.com,Male,Greece,boston.com,2015-01-18
159,Miles,Perico,mperico4e@unc.edu,Male,China,indiegogo.com,1997-03-24
160,Adriana,Boulds,aboulds4f@sourceforge.net,Female,China,jimdo.com,1935-10-18
161,Evey,Lonergan,elonergan4g@npr.org,Female,Greece,blogspot.com,1938-01-17
162,Annora,Syne,asyne4h@fda.gov,Female,Portugal,blogspot.com,1963-08-28
163,Haven,Jaskowicz,hjaskowicz4i@ow.ly,Male,Portugal,purevolume.com,1959-08-05
164,Kaila,Degoey,kdegoey4j@usatoday.com,Female,Greece,google.it,1935-06-15
165,Maybelle,Killik,mkillik4k@examiner.com,Female,Poland,mail.ru,1967-09-14
166,Livy,Wright,lwright4l@eepurl.com,Female,Indonesia,miibeian.gov.cn,1948-02-20
167,Garrek,Chatters,gchatters4m@slate.com,Male,China,meetup.com,1959-03-28
168,Trace,Levins,tlevins4n@dailymotion.com,Male,China,e-recht24.de,1963-12-13
169,Malory,Jagiello,mjagiello4o@nymag.com,Female,Poland,delicious.com,1996-08-19
170,Easter,Haskett,ehaskett4p@tripadvisor.com,Female,Netherlands,cdc.gov,1976-11-24
171,Elle,Hickin,ehickin4q@wisc.edu,Female,Poland,digg.com,1962-12-25
172,Avivah,Helversen,ahelversen4r@go.com,Female,Argentina,psu.edu,1945-08-08
173,Charlean,Leythley,cleythley4s@mapy.cz,Female,Kuwait,hibu.com,2019-07-13
174,Ealasaid,Poleykett,epoleykett4t@time.com,Female,Greece,nih.gov,1949-04-09
175,Kathie,McKernon,kmckernon4u@sakura.ne.jp,Female,China,stanford.edu,1940-04-14
176,Ingeberg,Pauletti,ipauletti4v@merriam-webster.com,Female,France,wp.com,1935-02-03
177,Addison,Riseborough,ariseborough4w@purevolume.com,Male,Indonesia,ucla.edu,1996-11-16
178,Harv,Gladwish,hgladwish4x@cbc.ca,Male,China,timesonline.co.uk,1991-02-11
179,Scottie,Gilhoolie,sgilhoolie4y@comsenz.com,Male,Nigeria,amazon.de,1963-03-23
180,Jess,Haveline,jhaveline4z@comsenz.com,Female,China,apache.org,1983-11-21
181,Jeanne,Piggott,jpiggott50@netlog.com,Non-binary,Indonesia,hatena.ne.jp,2007-11-22
182,Helli,Bothwell,hbothwell51@merriam-webster.com,Female,China,cbc.ca,1961-05-28
183,Cati,Berth,cberth52@examiner.com,Non-binary,China,ezinearticles.com,2012-10-27
184,Germaine,Abramsky,gabramsky53@accuweather.com,Male,Poland,businessinsider.com,1993-06-23
185,Joyann,Windram,jwindram54@cdbaby.com,Female,Indonesia,t-online.de,2004-09-13
186,Mohandas,Kerr,mkerr55@cafepress.com,Male,Indonesia,yahoo.com,1950-11-19
187,Cristal,Rattenberie,crattenberie56@slideshare.net,Female,Ukraine,hud.gov,1984-09-27
188,Samuele,Rose,srose57@google.ru,Male,Honduras,thetimes.co.uk,1983-08-26
189,Selestina,Krysiak,skrysiak58@yelp.com,Female,Portugal,wikispaces.com,2003-11-06
190,Fred,Leedes,fleedes59@twitter.com,Male,Argentina,nationalgeographic.com,1940-05-26
191,Sibeal,Rojahn,srojahn5a@artisteer.com,Female,Guatemala,nba.com,2000-10-25
192,Vidovik,Hillaby,vhillaby5b@biglobe.ne.jp,Male,Russia,cnet.com,1945-08-14
193,Marvin,Spellworth,mspellworth5c@cyberchimps.com,Male,China,google.nl,1969-12-22
194,Mahalia,Gannaway,mgannaway5d@ow.ly,Female,Russia,4shared.com,1980-04-30
195,Randal,Godsil,rgodsil5e@cmu.edu,Male,Germany,webs.com,1946-10-26
196,Aubry,Nehls,anehls5f@chron.com,Female,Vietnam,a8.net,1963-06-01
197,Morlee,Holyland,mholyland5g@sciencedaily.com,Male,Finland,alibaba.com,1998-03-26
198,Giffard,Cham,gcham5h@smugmug.com,Polygender,Philippines,noaa.gov,2018-06-12
199,Lyn,Greaser,lgreaser5i@joomla.org,Female,China,dion.ne.jp,1997-10-04
200,Lorri,Patching,lpatching5j@etsy.com,Female,Pakistan,flickr.com,1935-02-26
201,Gregor,Combe,gcombe5k@163.com,Male,Malaysia,shutterfly.com,2023-06-30
202,Coletta,Thatcham,cthatcham5l@dmoz.org,Female,Poland,uiuc.edu,1956-12-04
203,Ami,McLane,amclane5m@uol.com.br,Female,Democratic Republic of the Congo,ucla.edu,1996-08-29
204,Broddie,Pimer,bpimer5n@i2i.jp,Male,China,simplemachines.org,1944-05-19
205,Shelba,Bole,sbole5o@weebly.com,Female,Colombia,mapquest.com,1973-07-09
206,Giovanni,Farren,gfarren5p@bluehost.com,Male,China,blogger.com,1994-02-12
207,Reid,Forman,rforman5q@imgur.com,Male,China,foxnews.com,1993-04-15
208,Floyd,Carreyette,fcarreyette5r@oakley.com,Male,Indonesia,google.co.uk,2000-06-25
209,Laina,Houselee,lhouselee5s@hubpages.com,Female,Ukraine,uiuc.edu,1977-01-23
210,Wolfy,Wathan,wwathan5t@reverbnation.com,Male,Indonesia,goo.ne.jp,1972-09-01
211,Bradford,Tilly,btilly5u@ocn.ne.jp,Male,Indonesia,newsvine.com,1949-06-02
212,Claire,Keach,ckeach5v@ihg.com,Male,Portugal,gnu.org,1958-04-06
213,Chandler,Shapira,cshapira5w@slideshare.net,Non-binary,France,npr.org,2005-07-22
214,Ali,Wolfe,awolfe5x@storify.com,Male,China,nytimes.com,2002-06-27
215,Barbara-anne,Missenden,bmissenden5y@samsung.com,Female,Sweden,so-net.ne.jp,1985-05-17
216,Lewie,Baume,lbaume5z@mtv.com,Male,Russia,hc360.com,1951-01-14
217,Rabi,Warrack,rwarrack60@alibaba.com,Male,China,si.edu,1959-09-25
218,Bianca,Forbear,bforbear61@psu.edu,Agender,Dominican Republic,drupal.org,1962-04-13
219,Leigh,Slaney,lslaney62@deviantart.com,Male,China,vinaora.com,1963-06-25
220,Frederique,Dooher,fdooher63@e-recht24.de,Bigender,Japan,archive.org,2012-07-23
221,Aldus,Shimony,ashimony64@ed.gov,Male,China,webnode.com,1958-12-12
222,Annalee,Paggitt,apaggitt65@gmpg.org,Female,China,booking.com,1994-04-25
223,Shepard,McKea,smckea66@reverbnation.com,Male,China,usa.gov,1954-04-15
224,Darwin,Sowle,dsowle67@surveymonkey.com,Male,Greece,indiegogo.com,1947-05-29
225,Mei,Berrey,mberrey68@dell.com,Female,Poland,wisc.edu,2008-06-05
226,Brandy,Feild,bfeild69@google.ca,Male,Guatemala,smugmug.com,2006-05-30
227,Eden,Nulty,enulty6a@cpanel.net,Female,Philippines,usgs.gov,2011-07-04
228,Pierette,Rude,prude6b@wufoo.com,Female,Portugal,nytimes.com,1972-09-02
229,Jenni,Eva,jeva6c@shinystat.com,Female,Armenia,bluehost.com,1985-03-10
230,Sharron,Kilgallon,skilgallon6d@fda.gov,Female,China,usatoday.com,2015-10-09
231,Harmon,Vigrass,hvigrass6e@bizjournals.com,Male,China,alibaba.com,1959-10-18
232,Herta,Grenkov,hgrenkov6f@merriam-webster.com,Female,Pakistan,archive.org,1931-01-02
233,Antoine,Wittman,awittman6g@yelp.com,Male,South Africa,upenn.edu,2002-03-01
234,Clemmie,Aujouanet,caujouanet6h@weibo.com,Female,Portugal,umn.edu,1972-06-17
235,Ninetta,Hartigan,nhartigan6i@mapy.cz,Female,Thailand,livejournal.com,1980-02-11
236,Ceil,Chelnam,cchelnam6j@desdev.cn,Female,Indonesia,nifty.com,1936-10-15
237,Cos,Daughton,cdaughton6k@cdc.gov,Male,China,dailymail.co.uk,1936-02-12
238,Skell,Hendonson,shendonson6l@is.gd,Male,Nigeria,howstuffworks.com,1954-06-15
239,Carmela,Anersen,canersen6m@nytimes.com,Female,Comoros,technorati.com,2006-11-07
240,Ransell,Isham,risham6n@networkadvertising.org,Male,Serbia,bbb.org,1935-05-04
241,Georgine,Tran,gtran6o@hugedomains.com,Female,China,nps.gov,1962-01-21
242,Gilberto,Caffin,gcaffin6p@amazon.co.uk,Male,Sweden,google.es,1991-06-28
243,Ivar,Beaglehole,ibeaglehole6q@wikipedia.org,Male,China,tuttocitta.it,1974-09-10
244,Conni,Laimable,claimable6r@odnoklassniki.ru,Female,United States,mozilla.org,1975-12-28
245,Eldon,Weine,eweine6s@deliciousdays.com,Male,Brazil,163.com,1962-10-01
246,Meredith,Zavattieri,mzavattieri6t@geocities.com,Female,Philippines,php.net,1967-04-05
247,Lonni,Durtnall,ldurtnall6u@apple.com,Female,France,chicagotribune.com,2004-11-03
248,Dahlia,Powis,dpowis6v@wsj.com,Female,Equatorial Guinea,gnu.org,1967-05-05
249,Anitra,Larvin,alarvin6w@indiatimes.com,Female,Colombia,posterous.com,1958-02-27
250,Moina,Bruty,mbruty6x@forbes.com,Female,China,cyberchimps.com,2013-12-23
251,Clarie,McGee,cmcgee6y@mlb.com,Female,China,livejournal.com,1992-12-12
252,Jennie,Westcar,jwestcar6z@simplemachines.org,Female,Greece,hp.com,2000-11-10
253,Una,Beacock,ubeacock70@livejournal.com,Female,Sweden,xinhuanet.com,1989-05-11
254,Jacquelyn,Brittin,jbrittin71@topsy.com,Female,New Caledonia,xrea.com,1978-08-31
255,Jeanne,Corbould,jcorbould72@addtoany.com,Female,China,howstuffworks.com,1932-09-30
256,Dodie,Lundie,dlundie73@pbs.org,Polygender,France,t.co,1975-05-15
257,Clarke,Meaney,cmeaney74@oaic.gov.au,Male,Russia,unesco.org,2017-05-30
258,Powell,Atteridge,patteridge75@berkeley.edu,Male,Indonesia,stumbleupon.com,2021-05-13
259,Lolita,Grigoriev,lgrigoriev76@pcworld.com,Female,Sweden,bandcamp.com,1947-10-07
260,Maisie,Wonter,mwonter77@google.com,Female,Mexico,amazon.com,2015-06-20
261,Imogen,Sullivan,isullivan78@instagram.com,Female,China,delicious.com,1978-07-26
262,Sashenka,Macrow,smacrow79@domainmarket.com,Female,Philippines,skype.com,2015-11-16
263,Kelly,Romanet,kromanet7a@sfgate.com,Male,China,bing.com,2000-03-27
264,Alexa,Deards,adeards7b@telegraph.co.uk,Female,Russia,sakura.ne.jp,1959-02-13
265,Ninon,Karpushkin,nkarpushkin7c@dell.com,Female,China,ebay.com,2022-02-25
266,Colette,Blasi,cblasi7d@nhs.uk,Female,Thailand,delicious.com,2008-09-09
267,Roderick,Juliff,rjuliff7e@hostgator.com,Male,Sweden,newyorker.com,1940-05-14
268,Aloise,Sedgefield,asedgefield7f@huffingtonpost.com,Female,China,fema.gov,2005-08-05
269,Laverne,Tolworthy,ltolworthy7g@mediafire.com,Female,Thailand,hao123.com,1935-01-22
270,Harlan,Sapsforde,hsapsforde7h@hostgator.com,Male,Indonesia,gov.uk,2006-08-07
271,Shanta,Fronzek,sfronzek7i@de.vu,Genderfluid,Thailand,disqus.com,1964-11-15
272,Leopold,Kohrs,lkohrs7j@digg.com,Male,Indonesia,usa.gov,1954-05-11
273,Caleb,Wayne,cwayne7k@seesaa.net,Male,China,mediafire.com,1986-02-05
274,Jamey,Stiegars,jstiegars7l@dell.com,Male,Argentina,microsoft.com,1947-01-25
275,Eirena,Grimmert,egrimmert7m@netlog.com,Female,Portugal,printfriendly.com,1943-10-02
276,Stern,Lundon,slundon7n@ovh.net,Male,Canada,sbwire.com,2001-06-08
277,Iago,Chaudron,ichaudron7o@shareasale.com,Male,United Arab Emirates,reuters.com,1938-10-12
278,Eddi,Sedwick,esedwick7p@free.fr,Female,Czech Republic,weebly.com,1966-01-06
279,Chrysa,Meddings,cmeddings7q@unc.edu,Female,Indonesia,twitpic.com,2006-10-24
280,Cory,Reichelt,creichelt7r@un.org,Male,Thailand,pen.io,1952-01-13
281,Faina,Musker,fmusker7s@census.gov,Female,Serbia,tmall.com,2006-04-04
282,Juliann,Silcocks,jsilcocks7t@go.com,Female,Malawi,example.com,1932-04-19
283,Putnem,Trass,ptrass7u@issuu.com,Male,Indonesia,globo.com,1984-10-17
284,Nickolaus,Petracco,npetracco7v@cbc.ca,Male,Vietnam,globo.com,1976-07-20
285,Elysha,Seneschal,eseneschal7w@ask.com,Female,Sri Lanka,networkadvertising.org,1975-03-04
286,Jacques,Woodrow,jwoodrow7x@arizona.edu,Genderqueer,Peru,histats.com,1935-10-08
287,Olivero,Bark,obark7y@apache.org,Male,Bulgaria,marketwatch.com,1939-09-06
288,Orville,Ball,oball7z@redcross.org,Male,Philippines,wisc.edu,2014-10-04
289,Joann,Newland,jnewland80@time.com,Genderqueer,United States,java.com,1980-03-17
290,Harwell,Kitchaside,hkitchaside81@mlb.com,Male,Finland,oakley.com,1975-08-01
291,Pearl,Murdy,pmurdy82@naver.com,Female,Brazil,prweb.com,1932-01-11
292,Ancell,Vautrey,avautrey83@quantcast.com,Genderfluid,Tanzania,gov.uk,1962-05-07
293,Merralee,Eglise,meglise84@cafepress.com,Female,Philippines,odnoklassniki.ru,1996-05-02
294,Conant,Dews,cdews85@dailymotion.com,Male,China,washington.edu,1960-05-08
295,Maxie,Myrkus,mmyrkus86@list-manage.com,Male,Bulgaria,livejournal.com,1991-05-30
296,Guilbert,Khilkov,gkhilkov87@businesswire.com,Male,China,blogger.com,1972-10-26
297,Melisenda,Gorgl,mgorgl88@nps.gov,Female,Indonesia,w3.org,1986-04-25
298,Jaymie,Sherewood,jsherewood89@unicef.org,Male,Poland,multiply.com,1941-07-18
299,Lorie,Domaschke,ldomaschke8a@nbcnews.com,Female,Brazil,wordpress.com,1945-01-09
300,Christoffer,Bielby,cbielby8b@dmoz.org,Male,Brazil,tiny.cc,2004-08-21
301,Clarissa,Nellen,cnellen8c@gov.uk,Female,Russia,illinois.edu,1984-10-27
302,Gibbie,Cancutt,gcancutt8d@booking.com,Male,Thailand,hud.gov,2018-01-01
303,Amabelle,Auchinleck,aauchinleck8e@omniture.com,Female,United States,adobe.com,1984-04-26
304,Deloria,Montrose,dmontrose8f@spiegel.de,Female,Russia,house.gov,1964-12-24
305,Dode,Treend,dtreend8g@rakuten.co.jp,Female,Indonesia,twitpic.com,1950-08-31
306,Lizzy,Croote,lcroote8h@craigslist.org,Female,United States,unesco.org,2021-12-12
307,Harriet,Titcom,htitcom8i@msn.com,Female,Cameroon,liveinternet.ru,1958-09-02
308,Izzy,Wooster,iwooster8j@mtv.com,Male,Portugal,ed.gov,2016-01-19
309,Konstantine,Daughtrey,kdaughtrey8k@moonfruit.com,Male,Indonesia,un.org,1973-04-24
310,Burnaby,MacFaul,bmacfaul8l@buzzfeed.com,Male,Vietnam,usnews.com,2021-01-24
311,Kimberli,Ubee,kubee8m@cdc.gov,Female,Japan,skyrock.com,1981-04-14
312,Larina,Burn,lburn8n@cargocollective.com,Female,Argentina,google.com.br,1981-11-01
313,Victoir,Granleese,vgranleese8o@flavors.me,Male,Indonesia,google.com,1998-05-12
314,Rafe,Ribeiro,rribeiro8p@vkontakte.ru,Male,Senegal,domainmarket.com,2014-11-16
315,Thaxter,Matskiv,tmatskiv8q@nydailynews.com,Male,Russia,ycombinator.com,1942-06-23
316,Say,Petters,spetters8r@gov.uk,Male,Chad,sohu.com,1997-03-24
317,Herbie,Escudier,hescudier8s@unc.edu,Male,Thailand,addthis.com,1961-01-08
318,Ginevra,Skegg,gskegg8t@aboutads.info,Genderfluid,Georgia,wordpress.com,2021-08-02
319,Fianna,Petrelli,fpetrelli8u@dot.gov,Genderqueer,Democratic Republic of the Congo,nsw.gov.au,1973-01-03
320,Greta,Allone,gallone8v@pagesperso-orange.fr,Female,Japan,wikipedia.org,1978-05-11
321,Filbert,O'Hegertie,fohegertie8w@telegraph.co.uk,Male,Malta,cbslocal.com,1948-05-30
322,Vivyanne,Skurray,vskurray8x@unicef.org,Female,Portugal,eepurl.com,1953-08-01
323,Mikel,Dickenson,mdickenson8y@google.es,Male,Chile,dion.ne.jp,1961-12-11
324,Verney,Leverich,vleverich8z@weibo.com,Male,Philippines,utexas.edu,1938-07-12
325,Gillan,Grabham,ggrabham90@house.gov,Female,Estonia,stanford.edu,1994-05-28
326,Yasmeen,Billsberry,ybillsberry91@vkontakte.ru,Female,Turkmenistan,homestead.com,1994-04-14
327,Amy,Fantone,afantone92@arizona.edu,Female,Sweden,hud.gov,1987-09-11
328,Tore,Matzke,tmatzke93@imageshack.us,Male,Ukraine,tripadvisor.com,2016-02-13
329,Carry,Wales,cwales94@cdbaby.com,Female,Peru,gov.uk,1982-04-14
330,Leonerd,Creswell,lcreswell95@zdnet.com,Male,Thailand,nih.gov,1991-09-22
331,Worth,McCrackan,wmccrackan96@aboutads.info,Male,Poland,soup.io,1946-05-02
332,Clarence,Geal,cgeal97@addthis.com,Male,Thailand,state.gov,1967-06-04
333,Caryl,Colqueran,ccolqueran98@gizmodo.com,Male,Indonesia,mail.ru,1949-12-10
334,Aida,Kimblen,akimblen99@sciencedaily.com,Female,Democratic Republic of the Congo,salon.com,1932-10-11
335,Lethia,Lummus,llummus9a@nature.com,Female,Russia,intel.com,2000-09-13
336,Bertram,Hugenin,bhugenin9b@forbes.com,Male,Ukraine,dell.com,1978-04-25
337,Beau,Pittle,bpittle9c@pbs.org,Male,Haiti,sciencedaily.com,1949-10-21
338,Silvio,Castano,scastano9d@live.com,Male,Peru,stumbleupon.com,1964-10-12
339,Arni,Roby,aroby9e@java.com,Male,Mongolia,dropbox.com,2014-04-21
340,Reagen,Vick,rvick9f@tuttocitta.it,Polygender,China,shutterfly.com,2005-11-17
341,Brendan,Adao,badao9g@usnews.com,Male,Guatemala,twitpic.com,1932-12-08
342,Martie,Trembey,mtrembey9h@hexun.com,Female,Philippines,unesco.org,1998-03-30
343,Gaylor,Mugford,gmugford9i@123-reg.co.uk,Male,Venezuela,usgs.gov,2007-11-24
344,Ab,Pendrill,apendrill9j@ft.com,Male,Czech Republic,pinterest.com,2023-03-07
345,Olvan,Bridges,obridges9k@tmall.com,Male,Portugal,printfriendly.com,1963-10-04
346,Norma,Marrows,nmarrows9l@livejournal.com,Female,Indonesia,reddit.com,1970-10-12
347,Rafaelita,Olney,rolney9m@vistaprint.com,Female,Philippines,blog.com,1966-04-03
348,Hattie,Woolaghan,hwoolaghan9n@pbs.org,Female,Brazil,geocities.jp,1996-07-23
349,Hetty,Darling,hdarling9o@woothemes.com,Female,Ireland,walmart.com,2015-03-16
350,Noach,Osmund,nosmund9p@slate.com,Male,"Bonaire, Saint Eustatius and Saba ",amazon.co.uk,2015-07-22
351,Riccardo,Charrett,rcharrett9q@hugedomains.com,Male,Argentina,reuters.com,1975-03-30
352,Udall,Bengle,ubengle9r@baidu.com,Agender,Somalia,ebay.co.uk,1998-04-10
353,Ario,Timmes,atimmes9s@sohu.com,Male,Indonesia,nyu.edu,1939-01-20
354,Kesley,Vallentin,kvallentin9t@twitter.com,Female,China,army.mil,1959-07-16
355,Michel,Penlington,mpenlington9u@army.mil,Male,Dominican Republic,4shared.com,1953-02-25
356,Abbe,Kirrage,akirrage9v@hatena.ne.jp,Male,Russia,flickr.com,1981-10-25
357,Robinia,Waryk,rwaryk9w@mozilla.org,Female,Argentina,mapy.cz,2005-11-13
358,Sam,Rowbottom,srowbottom9x@archive.org,Male,Mongolia,reuters.com,1952-03-24
359,Gabriello,Fenimore,gfenimore9y@geocities.jp,Male,Ukraine,live.com,1984-10-21
360,Wyatan,Praill,wpraill9z@ifeng.com,Male,China,vistaprint.com,1992-05-20
361,Alex,Shatliff,ashatliffa0@goodreads.com,Female,Japan,tiny.cc,1941-07-11
362,Thaine,Frewer,tfrewera1@topsy.com,Male,Russia,webs.com,1975-11-27
363,Jasun,Artz,jartza2@mail.ru,Male,Germany,disqus.com,1936-09-15
364,Waneta,Lelande,wlelandea3@pinterest.com,Female,Greece,networksolutions.com,1998-03-09
365,Jamie,Quarless,jquarlessa4@mediafire.com,Genderfluid,United States,behance.net,1935-12-11
366,Howie,McGerr,hmcgerra5@netlog.com,Male,Russia,woothemes.com,1994-10-17
367,Prentice,Bulpitt,pbulpitta6@netscape.com,Male,Indonesia,unblog.fr,1980-04-30
368,Edwin,Baldocci,ebaldoccia7@hp.com,Male,Iran,wordpress.com,1986-05-31
369,Gustave,Adolthine,gadolthinea8@ehow.com,Genderfluid,Russia,squidoo.com,2021-03-05
370,Sly,Fox,sfoxa9@artisteer.com,Male,Kenya,oracle.com,1968-11-30
371,Prescott,Jiracek,pjiracekaa@amazon.co.uk,Male,Venezuela,psu.edu,1958-11-20
372,Nickie,Correa,ncorreaab@privacy.gov.au,Female,Greece,elegantthemes.com,1943-10-26
373,Carol-jean,Broomer,cbroomerac@dedecms.com,Female,Colombia,bigcartel.com,1947-07-10
374,Arluene,Dymock,adymockad@last.fm,Female,Czech Republic,ucla.edu,2007-12-15
375,Tomasina,Osmar,tosmarae@xrea.com,Female,France,unc.edu,1973-05-06
376,Ivan,Buswell,ibuswellaf@shop-pro.jp,Male,Malaysia,51.la,1963-01-14
377,Lauralee,Steggals,lsteggalsag@tuttocitta.it,Female,Indonesia,addthis.com,2003-09-15
378,Leonore,Sigge,lsiggeah@un.org,Female,Portugal,epa.gov,1969-01-13
379,Debby,Truss,dtrussai@mozilla.org,Female,Benin,artisteer.com,1974-12-30
380,Aggi,Gerdes,agerdesaj@instagram.com,Female,China,aol.com,1963-11-09
381,Terrence,Broadey,tbroadeyak@shutterfly.com,Male,Indonesia,discovery.com,2006-01-15
382,Ronnie,Mazzey,rmazzeyal@goo.ne.jp,Female,China,blogger.com,1995-01-21
383,Seth,Lippini,slippiniam@paginegialle.it,Male,Tajikistan,nba.com,1968-11-07
384,Claire,Della Scala,cdellascalaan@technorati.com,Female,Colombia,marketwatch.com,2000-01-17
385,Alleyn,Mattiazzi,amattiazziao@virginia.edu,Male,China,typepad.com,1942-01-22
386,Darbee,Tavernor,dtavernorap@reddit.com,Male,Brazil,ft.com,1968-12-14
387,Missy,Lynde,mlyndeaq@buzzfeed.com,Female,Argentina,xing.com,1946-05-12
388,Mathilda,Baumford,mbaumfordar@elpais.com,Female,Zimbabwe,ow.ly,1956-03-25
389,Val,Emig,vemigas@fda.gov,Male,Macedonia,google.ca,1974-01-21
390,Sharron,Gilhool,sgilhoolat@sogou.com,Bigender,Bahrain,freewebs.com,1956-06-05
391,Franny,Orton,fortonau@theatlantic.com,Female,Ukraine,time.com,1983-09-26
392,Lawrence,Fellibrand,lfellibrandav@liveinternet.ru,Male,Czech Republic,devhub.com,1937-12-20
393,Maudie,Burchell,mburchellaw@github.com,Female,China,army.mil,1971-08-10
394,Jaine,Allcock,jallcockax@google.com.au,Female,China,smh.com.au,1992-07-28
395,Donia,Dougharty,ddoughartyay@auda.org.au,Female,United States,economist.com,2012-10-17
396,Lorri,Vogel,lvogelaz@archive.org,Polygender,Canada,csmonitor.com,1966-04-20
397,Corene,Marwick,cmarwickb0@economist.com,Female,China,virginia.edu,1961-09-29
398,Dore,Barhims,dbarhimsb1@163.com,Male,China,posterous.com,2002-08-17
399,Farly,Antonucci,fantonuccib2@ox.ac.uk,Male,Japan,alexa.com,2009-05-30
400,Phyllis,Baruch,pbaruchb3@reverbnation.com,Female,China,goo.gl,1944-03-22
401,Rahal,Largen,rlargenb4@google.co.uk,Female,Indonesia,smh.com.au,2005-06-07
402,Galen,Popham,gpophamb5@dmoz.org,Male,Micronesia,live.com,1940-05-04
403,Ramsey,Doget,rdogetb6@google.com.au,Male,Dominican Republic,sohu.com,2004-05-03
404,Ingemar,Yve,iyveb7@bbc.co.uk,Male,Czech Republic,cmu.edu,1954-08-23
405,Phillida,Elcy,pelcyb8@sun.com,Female,Indonesia,sourceforge.net,1991-08-23
406,Doretta,Meyrick,dmeyrickb9@biblegateway.com,Female,Norway,craigslist.org,2014-03-11
407,Griz,Treffry,gtreffryba@pbs.org,Male,Haiti,bbc.co.uk,1942-01-22
408,Jenifer,Jobbings,jjobbingsbb@cnbc.com,Female,Brazil,google.de,2004-11-15
409,Sibby,Lucio,sluciobc@newyorker.com,Polygender,Zambia,intel.com,1987-09-09
410,Valeda,Vercruysse,vvercruyssebd@yahoo.com,Female,Jamaica,mac.com,1983-10-02
411,Bartel,Sahlstrom,bsahlstrombe@bbb.org,Male,Philippines,yahoo.co.jp,2005-09-16
412,Felike,Renbold,frenboldbf@guardian.co.uk,Male,Vanuatu,ebay.com,1990-02-05
413,Stevy,Tomczynski,stomczynskibg@furl.net,Male,Ukraine,sourceforge.net,2015-10-04
414,Elliott,Tertre,etertrebh@jalbum.net,Male,Palestinian Territory,is.gd,2010-02-13
415,Lek,Lawey,llaweybi@newsvine.com,Male,Brazil,vinaora.com,1954-09-19
416,Miquela,Tomek,mtomekbj@ted.com,Female,China,zdnet.com,2019-02-06
417,Lindie,Jauncey,ljaunceybk@odnoklassniki.ru,Female,Greece,altervista.org,2004-04-06
418,Aileen,Cockland,acocklandbl@ifeng.com,Female,Sweden,istockphoto.com,2018-02-17
419,Shirley,Esslemont,sesslemontbm@oracle.com,Female,Russia,newsvine.com,1997-08-04
420,Yevette,Devinn,ydevinnbn@goodreads.com,Polygender,Indonesia,ihg.com,1948-08-30
421,Aaren,Jorioz,ajoriozbo@123-reg.co.uk,Female,Philippines,spiegel.de,2000-05-16
422,Ofella,Drissell,odrissellbp@uol.com.br,Female,Nicaragua,bloomberg.com,1952-04-17
423,Julee,Beany,jbeanybq@cbslocal.com,Female,Syria,about.me,1982-02-09
424,Toinette,Cometto,tcomettobr@google.co.jp,Female,Greece,latimes.com,1973-02-09
425,Evelina,Dietsche,edietschebs@whitehouse.gov,Female,Canada,pcworld.com,1972-05-07
426,Ivor,Minards,iminardsbt@xrea.com,Male,Uzbekistan,uol.com.br,1994-05-24
427,Kristien,Wolfer,kwolferbu@github.com,Agender,Indonesia,gmpg.org,1958-12-19
428,Conrado,Mapledoram,cmapledorambv@si.edu,Male,China,wikipedia.org,1953-06-07
429,Irv,Gilstoun,igilstounbw@yandex.ru,Bigender,Ukraine,statcounter.com,1989-04-26
430,Agnella,Braunds,abraundsbx@weather.com,Female,China,opera.com,1994-07-06
431,Archaimbaud,McGeady,amcgeadyby@unesco.org,Male,Honduras,wunderground.com,2008-07-11
432,Boone,Lindblad,blindbladbz@mayoclinic.com,Male,Indonesia,kickstarter.com,1974-07-30
433,Marietta,Gimenez,mgimenezc0@tuttocitta.it,Genderfluid,Ukraine,gnu.org,2007-08-03
434,Darice,Heineken,dheinekenc1@google.co.jp,Female,Croatia,wikia.com,1937-11-07
435,Britte,Delleschi,bdelleschic2@globo.com,Female,Philippines,apache.org,1948-06-03
436,Leann,Oliva,lolivac3@sphinn.com,Female,China,abc.net.au,1961-08-05
437,Barbette,Crinion,bcrinionc4@histats.com,Female,China,wikipedia.org,1965-11-16
438,Frieda,Franceschino,ffranceschinoc5@godaddy.com,Female,China,phpbb.com,1980-06-07
439,Reamonn,Melhuish,rmelhuishc6@163.com,Male,China,tinyurl.com,1961-11-15
440,Elsworth,Sholl,eshollc7@soup.io,Male,Russia,fotki.com,1948-08-21
441,Giff,Gourlay,ggourlayc8@jugem.jp,Male,Hungary,rambler.ru,1950-12-29
442,Lammond,Reynalds,lreynaldsc9@npr.org,Male,Brazil,vimeo.com,1972-05-21
443,Caye,Duerden,cduerdenca@chicagotribune.com,Bigender,Japan,unicef.org,1975-01-23
444,Payton,Kosel,pkoselcb@nifty.com,Male,Canada,ifeng.com,1989-01-16
445,Amitie,Esposi,aesposicc@loc.gov,Female,Poland,etsy.com,1939-05-17
446,Veronike,Lovstrom,vlovstromcd@spiegel.de,Female,Russia,yale.edu,1995-03-26
447,Jyoti,Conti,jcontice@rediff.com,Female,Indonesia,constantcontact.com,2014-03-12
448,Allyn,Garlett,agarlettcf@nifty.com,Non-binary,Ireland,reference.com,2001-08-03
449,Constance,Heiner,cheinercg@printfriendly.com,Genderqueer,Indonesia,1und1.de,1995-04-10
450,Cherri,Haldin,chaldinch@ebay.com,Female,Brazil,de.vu,1973-05-11
451,Madeline,Saffon,msaffonci@over-blog.com,Female,Nigeria,gmpg.org,2009-06-28
452,Antony,Mosconi,amosconicj@slideshare.net,Male,Albania,princeton.edu,2009-11-24
453,Cara,Paye,cpayeck@trellian.com,Female,China,amazon.de,1994-01-19
454,Ky,Whitwell,kwhitwellcl@time.com,Male,Kazakhstan,dot.gov,2018-11-28
455,Armin,Legerton,alegertoncm@facebook.com,Male,Indonesia,cloudflare.com,1941-02-16
456,Barrett,Loughlin,bloughlincn@acquirethisname.com,Male,Brazil,scientificamerican.com,1999-08-01
457,Lesley,Vince,lvinceco@lulu.com,Female,Brazil,ustream.tv,1970-01-07
458,Greer,Dearle,gdearlecp@google.it,Female,Syria,freewebs.com,1971-02-17
459,Mavis,Bartoletti,mbartoletticq@hugedomains.com,Female,Sweden,nationalgeographic.com,1932-10-02
460,Bobina,Bleazard,bbleazardcr@jimdo.com,Female,Finland,reference.com,1989-01-16
461,Vasilis,Bickell,vbickellcs@jimdo.com,Male,Philippines,vk.com,1963-08-02
462,Bevin,Eeles,beelesct@state.tx.us,Male,Philippines,msn.com,1933-11-04
463,Yancy,Betham,ybethamcu@trellian.com,Male,China,dailymotion.com,2014-02-09
464,Delinda,Brooker,dbrookercv@msu.edu,Female,United States,tripadvisor.com,1936-05-26
465,Booth,Lauder,blaudercw@independent.co.uk,Male,French Polynesia,columbia.edu,1949-03-29
466,Sanderson,Gutowski,sgutowskicx@latimes.com,Male,Democratic Republic of the Congo,google.cn,2001-09-10
467,Rees,Towersey,rtowerseycy@twitter.com,Male,Czech Republic,oakley.com,1969-04-12
468,Gladi,Upex,gupexcz@hp.com,Polygender,China,timesonline.co.uk,1999-05-13
469,Ynes,Mott,ymottd0@free.fr,Female,China,huffingtonpost.com,2017-02-10
470,Fanni,Aland,falandd1@rakuten.co.jp,Female,Russia,gizmodo.com,1988-07-17
471,Dukey,Burrill,dburrilld2@cdbaby.com,Male,China,nba.com,2022-09-23
472,Jenifer,Beauchamp,jbeauchampd3@indiatimes.com,Female,Russia,fc2.com,1935-04-21
473,Susanne,Karpenya,skarpenyad4@senate.gov,Female,China,mysql.com,2016-01-19
474,Hyacinth,Sawle,hsawled5@gnu.org,Female,United States,histats.com,1976-03-08
475,Valencia,Cobden,vcobdend6@creativecommons.org,Polygender,China,acquirethisname.com,1986-09-06
476,Lance,Devorill,ldevorilld7@pagesperso-orange.fr,Male,Russia,google.ca,2009-06-29
477,Jacqueline,Wimes,jwimesd8@omniture.com,Female,Afghanistan,redcross.org,1943-05-04
478,Sigismundo,Waddington,swaddingtond9@hubpages.com,Polygender,United States,engadget.com,1992-01-28
479,Brit,Faires,bfairesda@google.fr,Female,Indonesia,prweb.com,1958-07-10
480,Manuel,Fruen,mfruendb@twitter.com,Male,Sweden,bandcamp.com,1986-08-21
481,Siana,Larkworthy,slarkworthydc@hibu.com,Female,Portugal,dropbox.com,1987-12-13
482,Gage,Minette,gminettedd@sciencedaily.com,Male,Tajikistan,drupal.org,1968-06-30
483,Sybil,Chavey,schaveyde@pcworld.com,Female,Honduras,bbb.org,1999-09-01
484,Riane,Petrelli,rpetrellidf@rambler.ru,Female,Mexico,wikimedia.org,1980-05-02
485,Aylmar,Thumann,athumanndg@fc2.com,Male,China,uol.com.br,1992-01-07
486,Vivianne,Feldstern,vfeldsterndh@deliciousdays.com,Female,Portugal,live.com,1971-03-14
487,Gilberta,Dansie,gdansiedi@tmall.com,Female,China,cnn.com,1973-10-11
488,Timothy,Pistol,tpistoldj@wiley.com,Agender,Costa Rica,list-manage.com,1933-02-20
489,Smith,Tremblot,stremblotdk@yellowpages.com,Male,Japan,fotki.com,1981-10-21
490,Udall,Smoughton,usmoughtondl@usgs.gov,Male,United States,ucoz.com,1976-12-17
491,Jane,Grevile,jgreviledm@fda.gov,Female,China,goo.ne.jp,1969-03-01
492,Karia,Walles,kwallesdn@businessweek.com,Female,Philippines,mit.edu,1936-12-31
493,Lane,Ausiello,lausiellodo@list-manage.com,Female,Pakistan,cloudflare.com,1959-09-05
494,Bernadene,Thom,bthomdp@springer.com,Female,China,nature.com,1971-01-21
495,Kori,Neller,knellerdq@hatena.ne.jp,Female,China,google.es,1953-10-03
496,Minnie,Struthers,mstruthersdr@livejournal.com,Polygender,Russia,naver.com,1995-08-01
497,Sloan,Booker,sbookerds@census.gov,Male,Brazil,addthis.com,1958-02-07
498,Donavon,Klaas,dklaasdt@chronoengine.com,Male,Ireland,webeden.co.uk,2011-07-20
499,Jemmy,Fountain,jfountaindu@deliciousdays.com,Female,Poland,msu.edu,1938-12-28
500,Marvin,Kyte,mkytedv@github.com,Male,China,craigslist.org,1971-01-06
501,Noel,Leel,nleeldw@domainmarket.com,Female,China,fc2.com,2006-11-14
502,Kali,Chessil,kchessildx@instagram.com,Female,Philippines,unc.edu,1989-11-19
503,Allyn,Stonier,astonierdy@elpais.com,Male,Czech Republic,fda.gov,1993-06-30
504,Talia,Swepson,tswepsondz@guardian.co.uk,Female,Russia,huffingtonpost.com,1944-08-14
505,Liliane,Niece,lniecee0@google.ru,Agender,Canada,1688.com,1958-07-06
506,Opal,Elstone,oelstonee1@usa.gov,Female,Indonesia,fc2.com,1990-08-05
507,Andy,Shutt,ashutte2@latimes.com,Male,Peru,princeton.edu,1978-02-27
508,Althea,Dover,adovere3@guardian.co.uk,Female,China,flickr.com,1949-08-26
509,Budd,Alsopp,balsoppe4@ezinearticles.com,Genderqueer,United States,chron.com,1968-02-05
510,Andres,Fleckno,aflecknoe5@hud.gov,Male,Philippines,guardian.co.uk,1937-02-01
511,Devan,Derkes,dderkese6@guardian.co.uk,Female,Macedonia,webmd.com,1989-09-15
512,Farrah,Meeson,fmeesone7@joomla.org,Female,China,stanford.edu,2015-06-08
513,Chrissie,O'Ruane,coruanee8@etsy.com,Female,China,deviantart.com,2005-05-17
514,Ezequiel,Darke,edarkee9@sfgate.com,Genderfluid,China,forbes.com,1971-12-18
515,Aryn,Chuter,achuterea@shop-pro.jp,Female,Indonesia,accuweather.com,1958-01-30
516,Abbie,Pally,apallyeb@blinklist.com,Female,Russia,mozilla.com,1976-12-14
517,Romonda,Pamment,rpammentec@multiply.com,Female,Russia,epa.gov,2022-06-27
518,Shelton,Alps,salpsed@adobe.com,Male,United States,studiopress.com,1941-10-02
519,Anica,Fayer,afayeree@go.com,Female,China,ftc.gov,2015-10-14
520,Mackenzie,Calverd,mcalverdef@t-online.de,Male,Brazil,diigo.com,1987-11-01
521,Benny,McKiernan,bmckiernaneg@amazonaws.com,Male,Venezuela,epa.gov,1947-09-27
522,Fredelia,McCutheon,fmccutheoneh@google.pl,Female,Argentina,bigcartel.com,1983-09-30
523,Elicia,Pfeiffer,epfeifferei@dropbox.com,Female,United States,myspace.com,2007-08-16
524,Sybila,Kelmere,skelmereej@baidu.com,Female,China,jiathis.com,1937-01-27
525,Wilt,Livermore,wlivermoreek@dmoz.org,Polygender,Portugal,google.nl,2008-04-07
526,Brent,Wane,bwaneel@mashable.com,Male,Iraq,chron.com,2020-03-23
527,Aurilia,Crompton,acromptonem@senate.gov,Female,Philippines,bigcartel.com,1970-10-11
528,Wes,Knocker,wknockeren@state.tx.us,Male,Ukraine,ehow.com,2018-12-28
529,Silvie,Simper,ssimpereo@salon.com,Female,Philippines,virginia.edu,1938-11-14
530,Lorine,Robatham,lrobathamep@cbsnews.com,Female,Vietnam,simplemachines.org,2008-07-26
531,Hermon,Kyston,hkystoneq@marketwatch.com,Male,Japan,wufoo.com,2011-04-14
532,Shanan,Wasiela,swasielaer@arstechnica.com,Male,China,moonfruit.com,1982-10-05
533,Gordie,Weeden,gweedenes@google.com.br,Male,Russia,springer.com,1971-09-05
534,Conway,Screen,cscreenet@sphinn.com,Male,France,hhs.gov,1993-10-18
535,Rand,Tilio,rtilioeu@nsw.gov.au,Male,Pakistan,webs.com,2015-02-08
536,Pippo,Barti,pbartiev@wix.com,Male,Indonesia,chron.com,2011-03-23
537,Nikolia,Skentelbury,nskentelburyew@bravesites.com,Female,Poland,about.me,2012-01-23
538,Celinda,Fronzek,cfronzekex@pen.io,Female,China,reuters.com,2007-07-25
539,Hailey,Danforth,hdanforthey@prnewswire.com,Male,China,imgur.com,1951-11-20
540,Drusilla,Meadway,dmeadwayez@wordpress.org,Female,Russia,acquirethisname.com,1935-05-17
541,Guss,Tunstall,gtunstallf0@artisteer.com,Male,Malaysia,devhub.com,1942-09-06
542,Lea,Filyukov,lfilyukovf1@china.com.cn,Female,China,wufoo.com,1942-03-30
543,Charles,De Anesy,cdeanesyf2@java.com,Male,Japan,mozilla.com,1972-07-12
544,Abner,Mallabar,amallabarf3@tmall.com,Male,Colombia,discovery.com,1981-06-19
545,Haywood,Willes,hwillesf4@newyorker.com,Male,Indonesia,google.co.uk,1951-08-06
546,Stephan,McCrisken,smccriskenf5@stanford.edu,Male,Philippines,desdev.cn,1984-07-13
547,Rheba,Cawdell,rcawdellf6@utexas.edu,Female,Greece,google.com,1953-07-11
548,Lolly,Sinderland,lsinderlandf7@guardian.co.uk,Female,China,springer.com,1942-04-17
549,Claude,Stronach,cstronachf8@last.fm,Female,Slovenia,baidu.com,1940-10-22
550,Abe,Leggate,aleggatef9@sciencedirect.com,Male,Portugal,bing.com,1958-03-08
551,Aurilia,Kristufek,akristufekfa@a8.net,Female,Russia,virginia.edu,2023-06-09
552,Benjamen,Campagne,bcampagnefb@bloomberg.com,Genderqueer,United States,google.com,1937-04-28
553,Lilia,Hissett,lhissettfc@wufoo.com,Female,Palestinian Territory,hexun.com,1970-11-14
554,Ezmeralda,Rabson,erabsonfd@mail.ru,Female,Indonesia,scientificamerican.com,1968-01-07
555,Harriett,Margach,hmargachfe@ocn.ne.jp,Female,Indonesia,webnode.com,2016-03-21
556,Johnna,Duffrie,jduffrieff@nih.gov,Female,China,creativecommons.org,1989-02-22
557,Coop,Blanshard,cblanshardfg@ihg.com,Male,Indonesia,google.com.hk,1932-01-04
558,Dud,Burdin,dburdinfh@mayoclinic.com,Male,Indonesia,fastcompany.com,1973-03-26
559,Pall,Brislen,pbrislenfi@w3.org,Male,Malaysia,sitemeter.com,1980-04-26
560,Wells,Stelfax,wstelfaxfj@amazon.com,Male,China,nih.gov,2001-09-04
561,Kacie,Buffy,kbuffyfk@facebook.com,Female,Indonesia,usa.gov,1942-04-29
562,Rosana,Critchard,rcritchardfl@mashable.com,Female,France,vk.com,2009-04-15
563,Bill,Hawtin,bhawtinfm@umn.edu,Female,Brazil,ebay.com,1990-04-22
564,Cecil,Betts,cbettsfn@sbwire.com,Female,China,nationalgeographic.com,2001-06-06
565,Anne,Beedham,abeedhamfo@yandex.ru,Female,Ukraine,infoseek.co.jp,1939-03-05
566,Elden,Chastand,echastandfp@stanford.edu,Male,Indonesia,dion.ne.jp,1946-02-06
567,Callida,Windsor,cwindsorfq@deliciousdays.com,Female,Belarus,comcast.net,1933-08-26
568,Dennet,Ashwell,dashwellfr@ameblo.jp,Male,China,github.io,1999-03-28
569,Adaline,MacCroary,amaccroaryfs@examiner.com,Female,Israel,walmart.com,2017-03-18
570,Holden,Oakwell,hoakwellft@gnu.org,Male,Philippines,free.fr,1992-01-24
571,Taffy,McAster,tmcasterfu@amazon.co.jp,Female,China,kickstarter.com,2011-08-14
572,Barnebas,Soppit,bsoppitfv@go.com,Male,Croatia,boston.com,2013-01-18
573,Kalila,Bernardinelli,kbernardinellifw@biglobe.ne.jp,Female,China,howstuffworks.com,1958-03-31
574,Amble,de Courcey,adecourceyfx@umich.edu,Male,Brazil,cisco.com,1997-12-14
575,Vinnie,Jaime,vjaimefy@ibm.com,Male,Philippines,rakuten.co.jp,2006-02-13
576,Spike,Snaden,ssnadenfz@ibm.com,Male,Indonesia,ucsd.edu,2017-04-05
577,Anni,Shinefield,ashinefieldg0@fc2.com,Female,China,com.com,2019-07-07
578,Berthe,Diboll,bdibollg1@nbcnews.com,Female,Azerbaijan,disqus.com,1939-11-25
579,Hyacintha,Harcus,hharcusg2@mayoclinic.com,Female,Indonesia,aboutads.info,1950-04-29
580,Giustina,Surgeon,gsurgeong3@hhs.gov,Female,Albania,ftc.gov,1991-11-22
581,Silvano,Stuckey,sstuckeyg4@imdb.com,Male,China,vistaprint.com,1971-12-08
582,Blythe,Gracewood,bgracewoodg5@bizjournals.com,Female,China,tinypic.com,2021-10-12
583,Oriana,Ferguson,ofergusong6@hexun.com,Female,Czech Republic,oakley.com,1949-07-01
584,Marta,Ambrosini,mambrosinig7@surveymonkey.com,Female,China,cocolog-nifty.com,1984-10-08
585,Aldo,Bedbury,abedburyg8@arizona.edu,Male,Lithuania,lulu.com,1980-12-15
586,Christean,Windmill,cwindmillg9@opensource.org,Female,China,cdbaby.com,1991-01-13
587,Julietta,Wackett,jwackettga@netvibes.com,Female,Philippines,ibm.com,2021-04-08
588,Edgar,Ramel,eramelgb@dedecms.com,Polygender,South Africa,sfgate.com,1953-07-26
589,Syd,Crasswell,scrasswellgc@businesswire.com,Male,Japan,privacy.gov.au,1964-05-08
590,Gayelord,Jakubowsky,gjakubowskygd@facebook.com,Male,Argentina,reuters.com,2008-11-29
591,Anabal,Mensler,amenslerge@google.co.jp,Agender,Peru,npr.org,1974-12-10
592,Charyl,Pummell,cpummellgf@cdc.gov,Female,China,house.gov,1954-11-23
593,Sky,Remmers,sremmersgg@scribd.com,Male,Brazil,slashdot.org,1956-06-08
594,Irvine,Jago,ijagogh@myspace.com,Male,Russia,qq.com,1947-09-24
595,Fawne,Tremouille,ftremouillegi@shinystat.com,Female,Philippines,prnewswire.com,2010-08-18
596,Johny,Northin,jnorthingj@pagesperso-orange.fr,Male,Finland,cafepress.com,1958-05-02
597,Saree,Erbe,serbegk@behance.net,Female,Russia,upenn.edu,1952-12-10
598,Lockwood,Kasperski,lkasperskigl@forbes.com,Male,Nigeria,networkadvertising.org,1963-03-10
599,Daryl,Imort,dimortgm@squarespace.com,Female,Sweden,buzzfeed.com,1981-12-31
600,Dugald,de Pinna,ddepinnagn@drupal.org,Male,Japan,typepad.com,1934-11-24
601,Ferguson,Anetts,fanettsgo@blogtalkradio.com,Male,Kenya,twitpic.com,2004-08-05
602,Sergei,Thurlborn,sthurlborngp@cisco.com,Male,Philippines,go.com,1975-11-04
603,Horst,Fitzharris,hfitzharrisgq@dmoz.org,Non-binary,Malaysia,ucoz.com,1993-09-30
604,Elsey,Spargo,espargogr@marketwatch.com,Female,Indonesia,wordpress.com,1972-02-22
605,Kurtis,Creeboe,kcreeboegs@redcross.org,Male,Portugal,symantec.com,1956-08-10
606,Louise,Buyers,lbuyersgt@redcross.org,Female,Poland,amazon.de,1973-07-15
607,Fayina,Croxford,fcroxfordgu@economist.com,Female,Russia,flickr.com,2011-06-13
608,Lazaro,Goulthorp,lgoulthorpgv@msu.edu,Male,Indonesia,about.com,1941-12-23
609,Lisetta,Skones,lskonesgw@noaa.gov,Genderfluid,Canada,buzzfeed.com,2007-05-07
610,Weston,Balasin,wbalasingx@aboutads.info,Male,Indonesia,merriam-webster.com,1986-05-02
611,Federica,Lillee,flilleegy@yellowpages.com,Bigender,Sweden,lulu.com,2019-06-07
612,Sibyl,Wandrey,swandreygz@ihg.com,Male,Peru,bbb.org,1943-06-20
613,Bronny,Bucke,bbuckeh0@linkedin.com,Male,China,dagondesign.com,1995-12-09
614,Lurette,Ainsbury,lainsburyh1@nih.gov,Female,Brazil,princeton.edu,1939-01-11
615,Candis,Duerden,cduerdenh2@va.gov,Female,Philippines,w3.org,1993-05-02
616,Izaak,Dorricott,idorricotth3@ihg.com,Male,Russia,surveymonkey.com,1940-02-02
617,Caressa,Shellard,cshellardh4@amazonaws.com,Female,Brazil,abc.net.au,2005-11-29
618,Antoni,Byrnes,abyrnesh5@cmu.edu,Male,Indonesia,wunderground.com,1948-01-13
619,Paule,McPike,pmcpikeh6@over-blog.com,Female,Czech Republic,wired.com,2006-05-15
620,Winifield,Limrick,wlimrickh7@chronoengine.com,Male,France,stanford.edu,1986-06-15
621,Durand,Jellico,djellicoh8@theguardian.com,Male,Indonesia,nydailynews.com,1989-11-24
622,Emmet,Danilchik,edanilchikh9@e-recht24.de,Polygender,Brazil,theatlantic.com,1971-07-26
623,Una,Croxall,ucroxallha@symantec.com,Female,Palestinian Territory,economist.com,1932-12-10
624,Carolus,Capin,ccapinhb@comcast.net,Male,Democratic Republic of the Congo,china.com.cn,1937-03-14
625,Asa,Blagden,ablagdenhc@linkedin.com,Male,China,surveymonkey.com,1954-12-09
626,Jaimie,Gebuhr,jgebuhrhd@tuttocitta.it,Bigender,Russia,studiopress.com,2004-11-24
627,Kandace,Jacobovitz,kjacobovitzhe@bigcartel.com,Female,China,mashable.com,1978-10-05
628,Ruddie,Heffernon,rheffernonhf@guardian.co.uk,Male,Vietnam,cdc.gov,1963-02-13
629,Nollie,McNeice,nmcneicehg@nasa.gov,Male,China,nymag.com,1994-05-15
630,Amery,Rotlauf,arotlaufhh@house.gov,Bigender,Sweden,reference.com,1947-05-02
631,Maryl,Yanyushkin,myanyushkinhi@illinois.edu,Female,Sweden,blogs.com,1967-10-16
632,Dyana,Minihane,dminihanehj@lycos.com,Female,Argentina,ebay.co.uk,1961-01-20
633,Alfy,Puttrell,aputtrellhk@cam.ac.uk,Female,Kazakhstan,vk.com,1935-02-12
634,Jacobo,Cruce,jcrucehl@ycombinator.com,Male,Mali,theguardian.com,2021-10-23
635,Zolly,Whatson,zwhatsonhm@netlog.com,Male,Costa Rica,whitehouse.gov,2022-12-27
636,Tim,Balk,tbalkhn@xrea.com,Male,Colombia,intel.com,1981-03-28
637,Kriste,Cornil,kcornilho@cloudflare.com,Female,South Africa,vimeo.com,1967-09-20
638,Phillis,Stephenson,pstephensonhp@reference.com,Female,Peru,homestead.com,1942-12-28
639,Rhodie,Pagel,rpagelhq@theguardian.com,Female,Kazakhstan,networkadvertising.org,1998-06-14
640,Claudetta,Bruggen,cbruggenhr@weebly.com,Female,China,zdnet.com,1988-12-12
641,Ignace,Godart,igodarths@addtoany.com,Male,China,spotify.com,1958-01-30
642,Ashby,Lambal,alambalht@mozilla.org,Male,Honduras,cdbaby.com,2020-09-20
643,Tobit,D'eathe,tdeathehu@discovery.com,Male,China,devhub.com,2009-10-10
644,Orelee,Scallon,oscallonhv@shop-pro.jp,Female,Poland,jiathis.com,1966-08-19
645,Tanner,Byrnes,tbyrneshw@berkeley.edu,Male,Ukraine,oaic.gov.au,1957-02-08
646,Emmett,Buckney,ebuckneyhx@gmpg.org,Genderqueer,Indonesia,cbslocal.com,2016-06-05
647,Dannel,Pavey,dpaveyhy@nps.gov,Male,Russia,who.int,2002-10-12
648,Torre,Laetham,tlaethamhz@typepad.com,Male,Portugal,oaic.gov.au,1993-05-03
649,Carroll,MacFadzean,cmacfadzeani0@stanford.edu,Female,China,tinypic.com,1977-05-23
650,Vonnie,Dafydd,vdafyddi1@wsj.com,Female,Philippines,joomla.org,2000-05-19
651,Violet,Canton,vcantoni2@google.com,Female,China,usgs.gov,1935-02-05
652,Hollyanne,Warlow,hwarlowi3@deviantart.com,Female,Chile,ocn.ne.jp,1958-01-17
653,Joel,Ojeda,jojedai4@ebay.com,Genderqueer,Peru,tripadvisor.com,2001-04-19
654,Trixi,Fidele,tfidelei5@umn.edu,Female,Philippines,tuttocitta.it,1930-12-25
655,Saleem,Holdey,sholdeyi6@webnode.com,Bigender,France,abc.net.au,1982-06-17
656,Sly,Halsey,shalseyi7@alexa.com,Male,China,economist.com,2006-10-14
657,Ellerey,Stenyng,estenyngi8@gizmodo.com,Male,Indonesia,sina.com.cn,1972-05-14
658,Flori,Busch,fbuschi9@bluehost.com,Female,Mongolia,senate.gov,2003-12-15
659,Nathaniel,Lyford,nlyfordia@sfgate.com,Male,China,kickstarter.com,1987-07-12
660,Mac,Dury,mduryib@cisco.com,Male,Peru,yellowbook.com,1954-10-27
661,Markos,Shave,mshaveic@weebly.com,Male,Tuvalu,google.co.jp,1931-08-12
662,Curtice,Nesbeth,cnesbethid@parallels.com,Male,Armenia,behance.net,1979-12-09
663,Audry,McKaile,amckaileie@bing.com,Female,Indonesia,un.org,1977-09-02
664,Norton,Fishwick,nfishwickif@tripod.com,Male,Russia,imdb.com,1947-08-21
665,Katrina,Muxworthy,kmuxworthyig@ucoz.ru,Female,China,fda.gov,2011-08-16
666,Maryrose,Treadgall,mtreadgallih@dion.ne.jp,Female,Philippines,disqus.com,1986-03-02
667,Bev,Furminger,bfurmingerii@howstuffworks.com,Female,Canada,mit.edu,1956-03-23
668,Flory,Bradnum,fbradnumij@ameblo.jp,Female,Greece,answers.com,1991-12-18
669,Deni,Gillivrie,dgillivrieik@symantec.com,Female,Portugal,trellian.com,2012-01-04
670,Mireielle,Strudwick,mstrudwickil@nature.com,Female,China,ameblo.jp,2004-07-23
671,Tirrell,Kelf,tkelfim@nbcnews.com,Male,China,earthlink.net,1946-07-11
672,Aldwin,Fries,afriesin@taobao.com,Male,Slovenia,google.nl,1958-01-19
673,Electra,Emanuelov,eemanuelovio@delicious.com,Female,Ethiopia,1688.com,1932-03-14
674,Terrel,Dalliston,tdallistonip@smugmug.com,Male,Ethiopia,eventbrite.com,1995-12-06
675,Janene,O'Sherrin,josherriniq@sun.com,Female,Brazil,ifeng.com,2006-04-19
676,Wallache,Happert,whappertir@ox.ac.uk,Male,Sweden,webnode.com,2004-09-17
677,Chen,Marskell,cmarskellis@salon.com,Male,Uganda,vinaora.com,2013-03-09
678,Nichole,Elward,nelwardit@rediff.com,Male,Botswana,moonfruit.com,1965-12-17
679,Tybi,Hutchings,thutchingsiu@livejournal.com,Female,Ukraine,surveymonkey.com,1968-10-15
680,Sammy,Gooms,sgoomsiv@scientificamerican.com,Male,Japan,google.cn,1961-08-08
681,Willyt,Artist,wartistiw@plala.or.jp,Female,Mexico,ox.ac.uk,1951-12-16
682,Karrah,Fetherston,kfetherstonix@nytimes.com,Female,Greece,webeden.co.uk,1944-08-02
683,Berti,Dolligon,bdolligoniy@godaddy.com,Male,United States,cafepress.com,2009-03-05
684,Nobie,Ilchuk,nilchukiz@noaa.gov,Male,Japan,miibeian.gov.cn,1953-04-30
685,Crawford,Jerzykiewicz,cjerzykiewiczj0@hao123.com,Male,Portugal,gmpg.org,1996-03-21
686,Muffin,Bage,mbagej1@example.com,Female,Indonesia,columbia.edu,1975-12-14
687,Barnett,Saill,bsaillj2@imgur.com,Male,Bhutan,dailymotion.com,1977-03-22
688,Golda,Delve,gdelvej3@flavors.me,Female,Bolivia,abc.net.au,2014-06-16
689,Marsh,Vsanelli,mvsanellij4@wufoo.com,Male,China,macromedia.com,1953-08-26
690,Hynda,Prandi,hprandij5@moonfruit.com,Genderfluid,Luxembourg,quantcast.com,2018-01-08
691,Orelle,Euplate,oeuplatej6@yandex.ru,Female,Philippines,miibeian.gov.cn,1932-09-04
692,Christy,Eardley,ceardleyj7@barnesandnoble.com,Male,New Zealand,timesonline.co.uk,1961-01-08
693,Erasmus,Lionel,elionelj8@foxnews.com,Male,Philippines,discovery.com,2005-10-20
694,Tallie,Witherby,twitherbyj9@w3.org,Genderfluid,Bhutan,so-net.ne.jp,1989-10-10
695,Karel,Aizlewood,kaizlewoodja@apple.com,Male,France,chicagotribune.com,1957-05-02
696,Ermanno,Upwood,eupwoodjb@goo.ne.jp,Male,Russia,redcross.org,1980-03-13
697,Susi,Carff,scarffjc@toplist.cz,Female,Mongolia,soundcloud.com,2008-07-23
698,Ulrick,Mattiello,umattiellojd@virginia.edu,Male,Philippines,prlog.org,2013-12-06
699,Chen,Senett,csenettje@instagram.com,Male,Indonesia,cocolog-nifty.com,1942-12-27
700,Carmel,Ellph,cellphjf@sbwire.com,Female,China,delicious.com,2013-12-15
701,Tatiana,Jeayes,tjeayesjg@live.com,Female,China,sakura.ne.jp,1977-02-24
702,Dorian,Borer,dborerjh@networksolutions.com,Male,Ghana,disqus.com,1933-09-03
703,Julienne,Verny,jvernyji@deliciousdays.com,Female,Colombia,prweb.com,1954-10-17
704,Jorge,Jonczyk,jjonczykjj@tamu.edu,Male,Mexico,youku.com,1967-02-04
705,Kally,Calbreath,kcalbreathjk@163.com,Female,China,cargocollective.com,1936-09-29
706,Bing,Sauvain,bsauvainjl@bing.com,Male,Russia,vistaprint.com,1950-09-20
707,Doll,Levins,dlevinsjm@csmonitor.com,Female,Slovenia,infoseek.co.jp,1963-11-03
708,Edmon,Landman,elandmanjn@gmpg.org,Male,Indonesia,gov.uk,2006-04-16
709,Henry,Chasen,hchasenjo@is.gd,Bigender,China,symantec.com,1965-06-27
710,Barn,Lamasna,blamasnajp@bandcamp.com,Male,Vietnam,cisco.com,1983-05-19
711,Emmalynn,Smeall,esmealljq@g.co,Female,China,bbb.org,1968-06-26
712,Noell,Matfield,nmatfieldjr@moonfruit.com,Female,China,freewebs.com,2013-11-01
713,Rhianna,Shellcross,rshellcrossjs@cnn.com,Female,South Africa,123-reg.co.uk,1931-08-21
714,Johannah,Patershall,jpatershalljt@mlb.com,Female,Japan,ifeng.com,1936-11-15
715,Berti,Kimmerling,bkimmerlingju@ca.gov,Male,China,va.gov,2009-04-26
716,Mia,Hise,mhisejv@geocities.com,Female,Germany,fc2.com,2014-08-23
717,Goran,Behnke,gbehnkejw@photobucket.com,Male,Portugal,theatlantic.com,1948-01-02
718,Coleman,Rizzardi,crizzardijx@nps.gov,Male,Brazil,creativecommons.org,2016-12-29
719,Jacquenetta,Mewrcik,jmewrcikjy@samsung.com,Non-binary,Russia,360.cn,1936-07-19
720,Prissie,Shank,pshankjz@storify.com,Female,China,npr.org,1970-08-31
721,Shaun,Filippone,sfilipponek0@zdnet.com,Female,Serbia,bloomberg.com,1931-02-28
722,Tiffy,MacGarvey,tmacgarveyk1@furl.net,Female,Rwanda,examiner.com,1938-08-22
723,Karlen,Sheehan,ksheehank2@icq.com,Female,France,indiegogo.com,2022-11-05
724,Stacy,Klimkov,sklimkovk3@ehow.com,Male,China,dmoz.org,1948-10-04
725,Putnem,Corney,pcorneyk4@uiuc.edu,Male,Indonesia,yale.edu,2010-10-14
726,Leonora,Darlison,ldarlisonk5@rambler.ru,Female,Argentina,statcounter.com,2006-04-09
727,Cecilla,Bisp,cbispk6@accuweather.com,Female,Sweden,unicef.org,1935-07-22
728,Rickard,Bearham,rbearhamk7@liveinternet.ru,Male,Poland,pen.io,2002-06-04
729,Cynthy,Chaves,cchavesk8@indiatimes.com,Female,Indonesia,indiatimes.com,1966-05-17
730,Roanne,Reary,rrearyk9@wp.com,Female,Palestinian Territory,flickr.com,1992-11-29
731,Siana,Churchill,schurchillka@stanford.edu,Female,Russia,soundcloud.com,1948-12-30
732,Gill,Ridder,gridderkb@stanford.edu,Male,France,bluehost.com,1935-01-23
733,Verine,Spere,vsperekc@ameblo.jp,Female,Indonesia,sfgate.com,1939-12-20
734,Rhys,Gregr,rgregrkd@ifeng.com,Male,Poland,whitehouse.gov,1984-11-25
735,Lynsey,Balcock,lbalcockke@house.gov,Female,Ukraine,cam.ac.uk,1990-06-20
736,Bank,Curling,bcurlingkf@desdev.cn,Male,China,tamu.edu,2016-06-08
737,Alex,Real,arealkg@home.pl,Male,Indonesia,sphinn.com,2014-10-22
738,Elenore,Malthouse,emalthousekh@wsj.com,Female,Indonesia,ycombinator.com,1979-02-08
739,Deanna,Zelley,dzelleyki@feedburner.com,Female,Poland,so-net.ne.jp,1935-07-04
740,Vance,Jouen,vjouenkj@t-online.de,Male,Russia,wix.com,1982-03-18
741,Sydel,Dimitrie,sdimitriekk@mapquest.com,Female,China,bloglines.com,1964-06-06
742,Pru,Deeson,pdeesonkl@unc.edu,Female,Brazil,chron.com,1964-12-25
743,Jacobo,Skittle,jskittlekm@army.mil,Male,Indonesia,clickbank.net,2005-03-21
744,Bil,Fey,bfeykn@networkadvertising.org,Male,France,comsenz.com,1938-01-23
745,Nanete,Damrell,ndamrellko@walmart.com,Female,Philippines,github.com,1975-01-15
746,Perren,Alvarez,palvarezkp@bloomberg.com,Male,Thailand,bing.com,1963-08-19
747,Clari,Alvar,calvarkq@exblog.jp,Female,Russia,artisteer.com,1956-09-28
748,Julina,Garard,jgarardkr@opensource.org,Female,Latvia,icio.us,1957-04-01
749,Britni,Caffery,bcafferyks@cnbc.com,Female,Afghanistan,sfgate.com,2010-11-17
750,Damita,Butterfint,dbutterfintkt@cdbaby.com,Female,Argentina,theglobeandmail.com,1990-11-05
751,Mano,Critzen,mcritzenku@bravesites.com,Male,China,scientificamerican.com,1942-12-07
752,Husein,Saintsbury,hsaintsburykv@harvard.edu,Genderqueer,China,google.pl,1998-04-13
753,Merrill,Snap,msnapkw@scribd.com,Male,China,nhs.uk,1944-09-18
754,Lemuel,Prescote,lprescotekx@opensource.org,Male,Portugal,xinhuanet.com,1937-09-10
755,Lissa,Doulton,ldoultonky@mit.edu,Female,Russia,berkeley.edu,1954-03-27
756,Lyda,Amerighi,lamerighikz@phpbb.com,Female,China,cbc.ca,1993-02-03
757,Mortie,Ruppeli,mruppelil0@earthlink.net,Male,Ethiopia,nhs.uk,2013-12-11
758,Philip,Tommei,ptommeil1@wisc.edu,Male,Myanmar,census.gov,1938-02-03
759,Ertha,Mabbot,emabbotl2@instagram.com,Female,Ukraine,shutterfly.com,2000-02-14
760,Cornell,Dany,cdanyl3@jugem.jp,Male,Indonesia,paginegialle.it,1938-08-11
761,Aldin,Windless,awindlessl4@nydailynews.com,Male,France,blogspot.com,1994-06-14
762,Cameron,Cudde,ccuddel5@1und1.de,Male,China,seattletimes.com,1941-08-21
763,Maura,Kitley,mkitleyl6@constantcontact.com,Female,China,storify.com,1962-01-12
764,Ezmeralda,Folds,efoldsl7@nyu.edu,Female,Brazil,theatlantic.com,1996-03-01
765,Melamie,Beden,mbedenl8@oakley.com,Female,Sweden,deviantart.com,1953-12-07
766,Mallory,Whitcomb,mwhitcombl9@twitpic.com,Female,Uganda,usnews.com,1997-12-11
767,Annabal,Dudgeon,adudgeonla@japanpost.jp,Female,Croatia,miitbeian.gov.cn,1938-10-20
768,Izabel,Attrill,iattrilllb@sina.com.cn,Female,China,shutterfly.com,1972-11-11
769,Roarke,Rotge,rrotgelc@symantec.com,Male,Ukraine,t.co,1948-08-27
770,Harmony,Center,hcenterld@nifty.com,Female,France,desdev.cn,1945-08-11
771,Sibley,Jursch,sjurschle@bandcamp.com,Female,Russia,jigsy.com,1961-12-21
772,Tamarra,Lakes,tlakeslf@ihg.com,Female,Mexico,google.fr,1970-07-30
773,Baryram,Handrek,bhandreklg@wikispaces.com,Male,Ukraine,oakley.com,2000-07-26
774,Harrie,Grooby,hgroobylh@google.ca,Female,Brazil,marriott.com,1950-10-06
775,Katharina,Burgwyn,kburgwynli@tumblr.com,Female,France,bloglovin.com,1965-06-21
776,Viki,Dulieu,vdulieulj@arizona.edu,Female,Nigeria,elpais.com,2016-11-28
777,Roxane,Kitchaside,rkitchasidelk@google.com.br,Female,China,house.gov,1947-03-23
778,Zaneta,Rangall,zrangallll@lulu.com,Female,Philippines,nifty.com,1991-03-17
779,Kerrie,Ker,kkerlm@webmd.com,Female,Israel,studiopress.com,1968-01-01
780,Timothea,Piniur,tpiniurln@jigsy.com,Female,Argentina,quantcast.com,1934-01-03
781,Amelia,Eddie,aeddielo@cpanel.net,Female,Honduras,discovery.com,1987-10-10
782,Maud,Keighly,mkeighlylp@so-net.ne.jp,Female,United States,aboutads.info,1947-09-27
783,Ingra,Kumaar,ikumaarlq@yahoo.co.jp,Male,Philippines,cargocollective.com,1974-07-10
784,Trenna,Milburne,tmilburnelr@tamu.edu,Female,Bolivia,ft.com,1976-03-18
785,Aldo,Pilkington,apilkingtonls@ebay.co.uk,Male,China,cocolog-nifty.com,1996-06-26
786,Alessandro,Southby,asouthbylt@google.com.br,Male,Kiribati,slashdot.org,1938-07-05
787,Norbie,Kinnerk,nkinnerklu@bbb.org,Male,Philippines,ustream.tv,2008-02-08
788,Regen,Cauldwell,rcauldwelllv@imageshack.us,Bigender,China,dot.gov,2003-08-12
789,Willi,Cull,wculllw@princeton.edu,Genderqueer,Indonesia,histats.com,1932-01-13
790,Arty,Harnott,aharnottlx@163.com,Male,Sweden,google.ca,2005-04-29
791,Kelley,Besque,kbesquely@google.ca,Male,Philippines,behance.net,1981-11-26
792,Mufinella,Kilrow,mkilrowlz@dailymotion.com,Female,Colombia,salon.com,1952-06-28
793,Briano,Syalvester,bsyalvesterm0@mit.edu,Male,Chile,sciencedirect.com,2011-10-04
794,Tristam,Barsham,tbarshamm1@wisc.edu,Male,China,studiopress.com,2006-09-28
795,Joleen,Blanche,jblanchem2@biblegateway.com,Female,Thailand,cdc.gov,1959-09-08
796,Joyous,Keggin,jkegginm3@salon.com,Female,China,tiny.cc,2000-05-01
797,Odelle,Greated,ogreatedm4@posterous.com,Female,Brazil,bing.com,1930-12-16
798,Oren,Barrett,obarrettm5@over-blog.com,Male,China,virginia.edu,1947-10-24
799,Rudie,Hendrich,rhendrichm6@psu.edu,Male,Portugal,hhs.gov,1955-07-16
800,Bryn,Skilling,bskillingm7@census.gov,Female,Brazil,vistaprint.com,1957-11-07
801,Chrystel,Gillibrand,cgillibrandm8@php.net,Female,Indonesia,accuweather.com,2004-06-09
802,Lyn,Blazejewski,lblazejewskim9@msu.edu,Male,China,oakley.com,2003-03-30
803,Sunny,Urrey,surreyma@globo.com,Male,Portugal,exblog.jp,1991-06-01
804,Sebastian,Dziwisz,sdziwiszmb@typepad.com,Non-binary,Indonesia,cnn.com,1950-08-17
805,Buddie,Wiffill,bwiffillmc@samsung.com,Male,Portugal,plala.or.jp,1964-09-23
806,Jaquenette,Padgett,jpadgettmd@cargocollective.com,Female,Russia,ycombinator.com,1945-11-01
807,Elke,Olenov,eolenovme@blogs.com,Female,China,skype.com,1937-12-01
808,Kary,Venus,kvenusmf@feedburner.com,Polygender,Sweden,soundcloud.com,2000-07-26
809,Cornelle,Creany,ccreanymg@digg.com,Female,China,newyorker.com,1997-09-22
810,Mile,Chuck,mchuckmh@etsy.com,Male,Japan,nydailynews.com,1973-07-12
811,Melvyn,Edds,meddsmi@java.com,Male,Indonesia,google.cn,1950-11-15
812,Cirstoforo,Girkins,cgirkinsmj@webnode.com,Male,Philippines,dell.com,1991-11-13
813,Esma,Di Carlo,edicarlomk@auda.org.au,Female,Philippines,discuz.net,1944-05-19
814,Barclay,McCluney,bmccluneyml@wordpress.org,Agender,China,feedburner.com,1978-05-08
815,Wyatt,L'oiseau,wloiseaumm@altervista.org,Male,United States,economist.com,1978-07-13
816,Poul,Gallimore,pgallimoremn@netscape.com,Male,Turkmenistan,wikispaces.com,1938-12-22
817,Zacharias,Coddrington,zcoddringtonmo@uiuc.edu,Male,Argentina,w3.org,2013-05-09
818,Phineas,Yakunkin,pyakunkinmp@nsw.gov.au,Male,Brazil,vimeo.com,1944-05-04
819,Jecho,Maruszewski,jmaruszewskimq@tripod.com,Male,Poland,theglobeandmail.com,2022-07-29
820,Vergil,Skule,vskulemr@dagondesign.com,Agender,Colombia,geocities.com,1970-06-25
821,Octavius,Blumer,oblumerms@google.co.uk,Male,China,nsw.gov.au,1967-05-18
822,Ibrahim,Ollivier,iolliviermt@ow.ly,Male,Canada,dropbox.com,1962-12-24
823,Ted,Wills,twillsmu@ted.com,Male,Greece,is.gd,1950-09-18
824,Uriah,Frenzl,ufrenzlmv@ezinearticles.com,Male,Russia,cdc.gov,2012-05-06
825,Moselle,Albury,malburymw@biblegateway.com,Female,Russia,wunderground.com,1986-05-17
826,Anton,Caudelier,acaudeliermx@bravesites.com,Male,Japan,csmonitor.com,1971-01-09
827,Gabbie,Lecount,glecountmy@stanford.edu,Female,Japan,qq.com,1970-01-10
828,Jilli,Muehler,jmuehlermz@wisc.edu,Female,United States,businessinsider.com,2011-10-17
829,Ashlin,Westwater,awestwatern0@sciencedaily.com,Male,Indonesia,wikimedia.org,2002-04-22
830,Ole,Davitti,odavittin1@biblegateway.com,Agender,Tanzania,geocities.com,1959-01-12
831,Bridget,Dunnan,bdunnann2@eventbrite.com,Female,Russia,sbwire.com,1999-10-21
832,Nataniel,Kearns,nkearnsn3@nationalgeographic.com,Male,Bangladesh,webnode.com,2013-05-03
833,Darren,Lesley,dlesleyn4@apple.com,Male,Russia,wsj.com,2018-11-08
834,Hattie,Jeyness,hjeynessn5@clickbank.net,Female,China,flickr.com,2015-09-29
835,Haroun,Thomann,hthomannn6@goo.ne.jp,Male,China,twitpic.com,1998-09-16
836,Hailee,Reedick,hreedickn7@army.mil,Female,Sweden,washingtonpost.com,1950-07-16
837,Sebastien,Patley,spatleyn8@sbwire.com,Male,China,canalblog.com,1974-05-26
838,Stevana,Whitnall,swhitnalln9@newyorker.com,Female,Brazil,parallels.com,2006-11-13
839,Wright,Myott,wmyottna@sbwire.com,Male,Indonesia,senate.gov,1960-10-27
840,Deane,Kinman,dkinmannb@icio.us,Agender,France,mit.edu,1961-02-28
841,Anitra,Van Der Walt,avanderwaltnc@sitemeter.com,Female,China,icio.us,1949-01-09
842,Hanny,Haccleton,hhaccletonnd@wikia.com,Female,China,123-reg.co.uk,1956-10-12
843,Christos,Navan,cnavanne@barnesandnoble.com,Male,United States,dropbox.com,2016-03-18
844,Ginnifer,Abrahami,gabrahaminf@phpbb.com,Polygender,Venezuela,simplemachines.org,2018-05-26
845,Kristo,Stobbes,kstobbesng@dropbox.com,Male,Cameroon,issuu.com,1957-10-29
846,Haleigh,Carman,hcarmannh@npr.org,Non-binary,Nigeria,macromedia.com,1966-03-23
847,Delilah,Shafier,dshafierni@godaddy.com,Female,Sweden,delicious.com,2008-11-13
848,Amelina,Rix,arixnj@php.net,Female,United States,homestead.com,2007-02-17
849,Anatole,Pipet,apipetnk@ning.com,Male,Indonesia,wikipedia.org,1973-10-20
850,Emelia,Smolan,esmolannl@hao123.com,Female,Philippines,miibeian.gov.cn,1972-09-28
851,Luce,Tippett,ltippettnm@zdnet.com,Female,China,i2i.jp,1956-10-31
852,Ben,Dorgan,bdorgannn@wufoo.com,Polygender,Thailand,fda.gov,1975-08-10
853,Marylinda,Lockhead,mlockheadno@bloomberg.com,Female,Chile,lulu.com,1932-01-16
854,Jennica,Brosoli,jbrosolinp@tmall.com,Female,China,so-net.ne.jp,1932-01-29
855,Jobey,Jakubiak,jjakubiaknq@icq.com,Female,Albania,mozilla.com,1981-02-05
856,Maryjane,Hedan,mhedannr@cpanel.net,Female,Argentina,sourceforge.net,1931-10-30
857,Tiff,Dandison,tdandisonns@xinhuanet.com,Female,Sweden,alexa.com,2006-11-02
858,Alana,Wagg,awaggnt@storify.com,Female,Peru,a8.net,1988-11-11
859,Crichton,Roggers,croggersnu@etsy.com,Male,Portugal,sourceforge.net,1989-07-21
860,Washington,Kernaghan,wkernaghannv@skyrock.com,Male,Greece,columbia.edu,2017-03-21
861,Locke,Allderidge,lallderidgenw@toplist.cz,Male,Philippines,canalblog.com,2013-02-19
862,Willdon,Megarry,wmegarrynx@ucoz.com,Male,China,intel.com,1940-07-05
863,Bobbee,Inns,binnsny@mediafire.com,Female,Indonesia,mozilla.org,1993-07-15
864,Jeri,Blockwell,jblockwellnz@csmonitor.com,Female,Japan,prlog.org,1946-08-20
865,Annecorinne,O'Fearguise,aofearguiseo0@histats.com,Female,Indonesia,ucoz.com,1996-07-06
866,Astrix,Hudleston,ahudlestono1@xrea.com,Female,Bosnia and Herzegovina,dion.ne.jp,1990-11-04
867,Octavius,Forkan,oforkano2@mac.com,Male,China,unc.edu,2023-04-14
868,Dinah,Symper,dsympero3@cafepress.com,Genderfluid,Azerbaijan,unc.edu,1969-12-07
869,Allyn,Foale,afoaleo4@google.com,Female,Czech Republic,blogtalkradio.com,1948-12-06
870,Cece,Toffaloni,ctoffalonio5@squidoo.com,Male,Russia,dot.gov,1986-04-19
871,Sayer,Arger,sargero6@dion.ne.jp,Male,Philippines,businessinsider.com,1956-03-29
872,Verge,Liell,vliello7@ftc.gov,Male,Brazil,whitehouse.gov,1985-08-18
873,Edmund,Gaze,egazeo8@360.cn,Male,Indonesia,pagesperso-orange.fr,1959-08-24
874,Lula,McIlrath,lmcilratho9@ask.com,Female,Russia,imageshack.us,2023-03-21
875,Marcos,Shernock,mshernockoa@europa.eu,Male,China,mashable.com,1935-01-08
876,Kaitlyn,Durek,kdurekob@businessinsider.com,Female,South Korea,twitpic.com,1967-12-05
877,Sybilla,Suermeiers,ssuermeiersoc@shop-pro.jp,Female,Philippines,utexas.edu,1991-05-13
878,Esmeralda,Gisby,egisbyod@nyu.edu,Female,Mexico,google.com.hk,1963-12-29
879,Eberto,Titcumb,etitcumboe@joomla.org,Genderfluid,Ukraine,tmall.com,1961-11-05
880,Fair,Plewman,fplewmanof@simplemachines.org,Male,China,cafepress.com,1958-01-18
881,Rivi,Janata,rjanataog@twitter.com,Polygender,United States,nationalgeographic.com,1996-09-22
882,Bentlee,Barbey,bbarbeyoh@google.co.jp,Male,China,theatlantic.com,1940-05-05
883,Cleavland,Park,cparkoi@hatena.ne.jp,Male,China,globo.com,2016-04-24
884,Sibelle,Dohrmann,sdohrmannoj@wikia.com,Female,Czech Republic,xinhuanet.com,1967-09-29
885,Odey,Micklem,omicklemok@wikipedia.org,Male,China,g.co,2019-10-05
886,Raeann,McKinnell,rmckinnellol@netlog.com,Female,Philippines,qq.com,1960-10-23
887,Jemie,Balasin,jbalasinom@statcounter.com,Female,Armenia,themeforest.net,1939-10-03
888,Sayre,Rubee,srubeeon@pcworld.com,Male,Colombia,vk.com,1941-11-26
889,Esme,Godsmark,egodsmarkoo@google.co.jp,Female,Brazil,cargocollective.com,2023-10-04
890,Jacquetta,Messam,jmessamop@macromedia.com,Non-binary,Indonesia,wp.com,1961-09-20
891,Shaughn,Tumielli,stumiellioq@ucoz.ru,Male,Indonesia,ox.ac.uk,2020-03-03
892,Elene,Fleckno,eflecknoor@themeforest.net,Female,Colombia,intel.com,1970-07-07
893,Rowan,Fallanche,rfallancheos@shinystat.com,Male,Indonesia,technorati.com,2003-11-22
894,Abram,Jameson,ajamesonot@meetup.com,Genderfluid,Indonesia,cocolog-nifty.com,1985-01-13
895,Gery,Densham,gdenshamou@xrea.com,Male,Brazil,chicagotribune.com,2022-01-15
896,Cariotta,Howis,chowisov@independent.co.uk,Female,Nigeria,fotki.com,1938-12-24
897,Bibby,McGlue,bmcglueow@1und1.de,Female,Pakistan,earthlink.net,1936-07-10
898,Onfroi,Hasnip,ohasnipox@china.com.cn,Male,Russia,t.co,1949-12-15
899,Kiley,Chalcraft,kchalcraftoy@ca.gov,Male,Bolivia,psu.edu,1944-01-12
900,Xavier,Shyram,xshyramoz@sogou.com,Male,Democratic Republic of the Congo,foxnews.com,2004-12-24
901,Aryn,Lukasen,alukasenp0@microsoft.com,Female,Philippines,guardian.co.uk,1959-01-12
902,Arda,Johns,ajohnsp1@mac.com,Female,China,over-blog.com,1989-05-05
903,Blondell,Parradine,bparradinep2@myspace.com,Female,Czech Republic,omniture.com,1966-02-02
904,Gareth,Overton,govertonp3@bing.com,Male,Philippines,ifeng.com,2022-06-20
905,Gae,Pagan,gpaganp4@accuweather.com,Polygender,China,youku.com,1984-01-20
906,Glyn,Seer,gseerp5@youtu.be,Male,Saint Kitts and Nevis,japanpost.jp,1937-03-24
907,Arabelle,Bowler,abowlerp6@smugmug.com,Female,Japan,mapquest.com,2003-02-05
908,Dorisa,Renahan,drenahanp7@moonfruit.com,Female,China,dailymotion.com,2020-07-21
909,Blithe,Joselovitch,bjoselovitchp8@github.com,Non-binary,Indonesia,storify.com,2006-07-03
910,Myra,Wardley,mwardleyp9@myspace.com,Genderfluid,Indonesia,upenn.edu,2018-05-06
911,Raoul,Pyrton,rpyrtonpa@aol.com,Male,Brazil,rambler.ru,2001-09-01
912,Arel,Sommerville,asommervillepb@sciencedirect.com,Male,Philippines,icio.us,1986-09-15
913,Chilton,McAdam,cmcadampc@goodreads.com,Male,Philippines,cargocollective.com,2020-07-02
914,Aldridge,Osmund,aosmundpd@wired.com,Male,Czech Republic,amazon.de,1984-10-01
915,Teddy,Braiden,tbraidenpe@zimbio.com,Female,Croatia,yolasite.com,1977-10-20
916,Othella,Smullen,osmullenpf@quantcast.com,Female,Philippines,exblog.jp,2008-08-29
917,Bobinette,Aronov,baronovpg@youtu.be,Female,China,acquirethisname.com,1987-09-03
918,Jory,Going,jgoingph@japanpost.jp,Male,Poland,berkeley.edu,2003-11-17
919,Leeann,Voas,lvoaspi@xinhuanet.com,Female,Slovenia,barnesandnoble.com,1954-09-27
920,Mathian,MacGillacolm,mmacgillacolmpj@craigslist.org,Male,Kazakhstan,infoseek.co.jp,1981-03-03
921,Jorge,Weildish,jweildishpk@imgur.com,Male,Senegal,wsj.com,1971-04-28
922,Gerda,Juszczak,gjuszczakpl@guardian.co.uk,Female,Argentina,springer.com,1933-03-23
923,Lesli,Runsey,lrunseypm@baidu.com,Female,Czech Republic,statcounter.com,1963-05-16
924,Andrea,Aucutt,aaucuttpn@google.cn,Female,China,edublogs.org,1977-06-14
925,Pat,Stendell,pstendellpo@blogger.com,Female,Niger,nbcnews.com,1978-01-21
926,Evanne,Poker,epokerpp@nifty.com,Female,Thailand,google.com.hk,1970-11-15
927,Johannah,Pynn,jpynnpq@tripod.com,Female,Indonesia,nationalgeographic.com,1986-03-24
928,Carmita,D'Almeida,cdalmeidapr@nifty.com,Non-binary,North Korea,cdbaby.com,1942-05-09
929,Raleigh,Capp,rcappps@addthis.com,Male,Russia,blogspot.com,1943-03-25
930,Burnard,Pulhoster,bpulhosterpt@indiatimes.com,Male,Poland,soup.io,1931-11-17
931,Noemi,Matzel,nmatzelpu@dailymotion.com,Female,Sweden,webmd.com,1991-10-11
932,Marthena,Riste,mristepv@hud.gov,Female,Russia,accuweather.com,1936-01-23
933,Tobie,Neljes,tneljespw@feedburner.com,Male,Pakistan,w3.org,1943-08-29
934,Waldon,Manilove,wmanilovepx@weather.com,Male,Mexico,sbwire.com,1946-01-18
935,Gweneth,Jentges,gjentgespy@about.me,Female,Indonesia,yahoo.com,1981-05-14
936,Erwin,Winston,ewinstonpz@cisco.com,Male,Portugal,altervista.org,2000-04-17
937,Dorena,Pullar,dpullarq0@ox.ac.uk,Female,Oman,instagram.com,2016-06-24
938,Kelvin,Miklem,kmiklemq1@disqus.com,Agender,Indonesia,usda.gov,1954-09-02
939,Chane,Rookwell,crookwellq2@360.cn,Male,Colombia,ed.gov,1990-03-11
940,Tobie,Berthon,tberthonq3@washingtonpost.com,Male,Kyrgyzstan,webs.com,1935-10-21
941,Trumaine,Astlet,tastletq4@amazon.de,Male,Indonesia,devhub.com,1998-02-26
942,Gordon,Custance,gcustanceq5@taobao.com,Polygender,Netherlands,wunderground.com,1940-08-30
943,Panchito,Gytesham,pgyteshamq6@usgs.gov,Male,Czech Republic,apple.com,1940-04-18
944,Sonia,Thebes,sthebesq7@intel.com,Female,Brazil,mail.ru,1973-11-24
945,Isaak,Allbon,iallbonq8@blogs.com,Male,Cuba,is.gd,2019-02-25
946,Irina,Purvey,ipurveyq9@devhub.com,Female,Portugal,kickstarter.com,2006-10-29
947,Alejandro,Grafton,agraftonqa@ebay.com,Male,Indonesia,bloglines.com,1975-10-28
948,Jaquelin,Pilkington,jpilkingtonqb@moonfruit.com,Female,China,craigslist.org,1951-04-30
949,Rosabel,Heisman,rheismanqc@alibaba.com,Female,Czech Republic,alexa.com,1962-10-01
950,Yale,Worstall,yworstallqd@vk.com,Male,Argentina,nbcnews.com,1949-02-25
951,Randi,Simnett,rsimnettqe@blogspot.com,Female,Bulgaria,cdbaby.com,1988-10-18
952,Maynard,Willerson,mwillersonqf@theatlantic.com,Male,China,fda.gov,2012-02-09
953,Scotty,Spyer,sspyerqg@springer.com,Male,Brazil,umn.edu,1955-10-14
954,Emili,Spruce,espruceqh@bigcartel.com,Female,Eritrea,microsoft.com,1953-04-30
955,Emmie,Fripps,efrippsqi@storify.com,Female,Ukraine,i2i.jp,2012-04-12
956,Dunc,MacClinton,dmacclintonqj@mozilla.org,Bigender,Iraq,ibm.com,1947-11-09
957,Angel,Bolles,abollesqk@state.tx.us,Female,China,ameblo.jp,1991-10-25
958,Amble,Pattemore,apattemoreql@globo.com,Male,France,wikipedia.org,1959-02-10
959,Odie,Calbaithe,ocalbaitheqm@livejournal.com,Male,Indonesia,adobe.com,1948-07-01
960,Hildy,Lowres,hlowresqn@apache.org,Female,Philippines,ustream.tv,1940-05-12
961,Linet,Cassy,lcassyqo@google.ru,Female,El Salvador,ed.gov,2011-05-18
962,Dukie,Adney,dadneyqp@eventbrite.com,Male,Laos,arstechnica.com,1932-07-01
963,Halsey,Stubs,hstubsqq@toplist.cz,Male,United States,va.gov,2009-10-06
964,Nealy,Bertwistle,nbertwistleqr@si.edu,Male,Poland,163.com,2014-11-09
965,Chad,Sheard,csheardqs@nymag.com,Female,China,freewebs.com,2012-03-11
966,Muhammad,Mantle,mmantleqt@huffingtonpost.com,Male,Serbia,plala.or.jp,2006-08-03
967,Sibylle,Roft,sroftqu@tinyurl.com,Female,China,nationalgeographic.com,1946-06-01
968,Horace,Dufore,hduforeqv@phoca.cz,Male,Indonesia,usa.gov,1955-10-12
969,Ilysa,Kleinschmidt,ikleinschmidtqw@topsy.com,Female,Colombia,histats.com,2015-10-22
970,Alejandrina,Cainey,acaineyqx@sourceforge.net,Female,Brazil,comsenz.com,1995-08-14
971,Briny,Jupp,bjuppqy@bandcamp.com,Female,Brazil,histats.com,1940-08-26
972,Germaine,Berggren,gberggrenqz@dion.ne.jp,Female,Sweden,biblegateway.com,1948-01-11
973,Ivory,Foulcher,ifoulcherr0@home.pl,Female,China,oaic.gov.au,1990-10-01
974,Ossie,Leimster,oleimsterr1@wikimedia.org,Male,China,samsung.com,1942-02-06
975,Barnett,Fleote,bfleoter2@slashdot.org,Male,Poland,free.fr,1941-01-22
976,Lawrence,Camacke,lcamacker3@cargocollective.com,Male,Indonesia,sohu.com,1953-11-22
977,Angele,McReedy,amcreedyr4@goo.ne.jp,Female,China,diigo.com,2007-09-26
978,Jo-ann,Brigstock,jbrigstockr5@ftc.gov,Female,Iran,deviantart.com,2012-03-14
979,Emera,Ebrall,eebrallr6@ovh.net,Female,Portugal,ning.com,1951-08-05
980,Russell,Scintsbury,rscintsburyr7@army.mil,Male,Sweden,yelp.com,2020-07-19
981,Bernita,Brignell,bbrignellr8@lulu.com,Female,Poland,guardian.co.uk,1968-12-21
982,Sutherland,Diloway,sdilowayr9@oracle.com,Male,China,oracle.com,1996-04-06
983,Des,Beale,dbealera@chicagotribune.com,Genderfluid,China,wix.com,1981-05-23
984,Leif,Newton,lnewtonrb@e-recht24.de,Male,United States,sogou.com,1989-10-02
985,Koo,Calrow,kcalrowrc@plala.or.jp,Female,Japan,simplemachines.org,1968-04-01
986,Elvina,Winward,ewinwardrd@statcounter.com,Female,Brazil,google.com,1934-10-04
987,Kellie,Mathevet,kmathevetre@discovery.com,Female,Vietnam,intel.com,1985-12-24
988,Coleen,Storm,cstormrf@ucla.edu,Female,Philippines,marketwatch.com,1979-09-05
989,Farlee,Bobasch,fbobaschrg@elegantthemes.com,Male,Ukraine,t-online.de,1985-04-28
990,Lorettalorna,Lyman,llymanrh@homestead.com,Female,Poland,qq.com,1981-11-21
991,Sydel,Pierce,spierceri@intel.com,Female,China,sitemeter.com,1989-11-16
992,Atalanta,Carnegy,acarnegyrj@indiegogo.com,Female,Indonesia,ycombinator.com,2001-02-16
993,Guthry,Mollitt,gmollittrk@bbc.co.uk,Male,United States,elpais.com,2023-04-20
994,Erica,Rowson,erowsonrl@npr.org,Female,Indonesia,va.gov,1939-03-24
995,Petra,Mintoft,pmintoftrm@nsw.gov.au,Female,China,abc.net.au,1937-01-06
996,Sarge,Iacoboni,siacobonirn@php.net,Male,China,cargocollective.com,1948-09-05
997,Shirl,Borrett,sborrettro@mac.com,Female,Pakistan,prnewswire.com,1979-02-03
998,Shanie,Ryam,sryamrp@quantcast.com,Polygender,China,wp.com,1995-02-19
999,Bryant,Grainger,bgraingerrq@goo.gl,Male,Peru,spiegel.de,1974-09-26
1000,Francklin,Aizikovitch,faizikovitchrr@list-manage.com,Male,Nepal,over-blog.com,1990-09-20
