id,first_name,last_name,email,gender,country,domain,bird_date
1,Mario,Rippon,mrippon0@com.com,Male,Indonesia,ifeng.com,1967-11-26
2,Anjela,Liveley,aliveley1@intel.com,Female,Philippines,yolasite.com,2000-11-03
3,Gal,Grimston,ggrimston2@blogger.com,Male,Ireland,ft.com,2006-07-21
4,Tam,Domke,tdomke3@netscape.com,Male,Greece,163.com,1971-01-17
5,Veriee,Ropert,vropert4@pagesperso-orange.fr,Genderfluid,Indonesia,wikimedia.org,1982-07-09
6,Adan,Akitt,aakitt5@g.co,Female,El Salvador,flavors.me,1997-05-15
7,Wash,MacCleod,wmaccleod6@diigo.com,Male,Belarus,weibo.com,1948-01-05
8,Clint,Ertel,certel7@prnewswire.com,Male,Philippines,prweb.com,1995-10-05
9,Arne,Crossland,acrossland8@ucla.edu,Male,Sweden,paginegialle.it,1943-03-25
10,Rhodia,Zuppa,rzuppa9@amazon.de,Female,Indonesia,trellian.com,1997-12-01
11,Jard,Kristoffersen,jkristoffersena@weebly.com,Male,Russia,intel.com,2017-06-03
12,Shermie,Rizon,srizonb@zdnet.com,Male,Serbia,artisteer.com,2014-08-10
13,Falkner,McCurdy,fmccurdyc@reuters.com,Male,Germany,harvard.edu,1990-08-22
14,Devin,Maggi,dmaggid@nbcnews.com,Female,Czech Republic,accuweather.com,1972-02-26
15,Morley,Duffell,mduffelle@ebay.com,Male,Honduras,goodreads.com,1984-02-18
16,Douglas,Grishankov,dgrishankovf@blogtalkradio.com,Genderfluid,Russia,tinypic.com,2009-07-24
17,Susannah,Freeborne,sfreeborneg@nasa.gov,Non-binary,China,nyu.edu,1944-12-31
18,Vladamir,Salkeld,vsalkeldh@blogtalkradio.com,Male,United States,cafepress.com,2010-08-20
19,Rikki,Lighten,rlighteni@skyrock.com,Male,Indonesia,uol.com.br,1991-07-30
20,Ralph,Scrannage,rscrannagej@xing.com,Male,Indonesia,mlb.com,1953-08-24
21,Cyndia,Erswell,cerswellk@theguardian.com,Female,China,patch.com,2004-10-22
22,Julie,Dilawey,jdilaweyl@weibo.com,Female,Morocco,ucoz.ru,1960-02-12
23,Garrott,Wearden,gweardenm@123-reg.co.uk,Male,Georgia,mlb.com,1977-02-11
24,Devlen,Petrus,dpetrusn@amazon.com,Male,Philippines,wix.com,1961-01-17
25,Samuele,Scocroft,sscocrofto@hubpages.com,Male,Belarus,deviantart.com,1987-03-29
26,Gavrielle,Valti,gvaltip@cbsnews.com,Female,China,ed.gov,1965-07-13
27,Lucho,Wigzell,lwigzellq@jimdo.com,Male,Philippines,devhub.com,1957-12-04
28,Mort,Hessay,mhessayr@fc2.com,Male,Poland,themeforest.net,1990-11-01
29,Darla,Beavers,dbeaverss@ed.gov,Female,Russia,paginegialle.it,2023-05-15
30,Romain,Domnick,rdomnickt@cargocollective.com,Male,Japan,npr.org,2011-11-22
31,Edie,Sherbrooke,esherbrookeu@gnu.org,Female,Poland,privacy.gov.au,1996-06-10
32,Bridgette,Cockshot,bcockshotv@usda.gov,Female,Mayotte,csmonitor.com,1958-03-09
33,Rae,Shildrick,rshildrickw@slideshare.net,Female,United States,eepurl.com,1951-03-22
34,Curtis,Pactat,cpactatx@unblog.fr,Male,Russia,reddit.com,1966-10-17
35,Jeniffer,Francecione,jfrancecioney@feedburner.com,Female,Czech Republic,hhs.gov,2002-05-31
36,Welch,Aleksic,waleksicz@bluehost.com,Male,Panama,reference.com,1962-10-08
37,Andie,Ughi,aughi10@odnoklassniki.ru,Male,China,jiathis.com,1984-03-25
38,Grantley,Cable,gcable11@businessinsider.com,Male,Malta,w3.org,1931-03-03
39,Ronica,Drew-Clifton,rdrewclifton12@fotki.com,Female,Poland,kickstarter.com,1962-09-07
40,Rosaleen,Groom,rgroom13@cmu.edu,Female,Russia,telegraph.co.uk,2011-12-09
41,Leontine,Alesbrook,lalesbrook14@de.vu,Female,Honduras,seattletimes.com,1949-10-16
42,Knox,Brambley,kbrambley15@imageshack.us,Male,Russia,list-manage.com,1965-05-20
43,Alanson,Allwell,aallwell16@un.org,Male,Czech Republic,intel.com,1959-12-11
44,Leyla,MacGeffen,lmacgeffen17@google.com.au,Female,France,a8.net,1956-12-04
45,Pembroke,Louder,plouder18@ebay.co.uk,Male,Philippines,google.co.jp,1969-10-06
46,Penelope,Fawdery,pfawdery19@merriam-webster.com,Bigender,Philippines,prlog.org,2003-12-25
47,Garry,Edridge,gedridge1a@usgs.gov,Male,Namibia,issuu.com,1975-10-24
48,Jody,Donaldson,jdonaldson1b@artisteer.com,Male,United States,jimdo.com,2014-10-12
49,Mala,Rebbeck,mrebbeck1c@dot.gov,Female,Philippines,kickstarter.com,1948-06-25
50,Athene,Gadney,agadney1d@tumblr.com,Female,France,addtoany.com,2020-11-13
51,Carolyn,Cockshutt,ccockshutt1e@hhs.gov,Non-binary,Colombia,yandex.ru,2022-03-05
52,Geri,Miskelly,gmiskelly1f@bbb.org,Male,Iran,squidoo.com,2002-01-21
53,Sandor,Rudland,srudland1g@discovery.com,Male,Honduras,myspace.com,1937-04-05
54,Bessie,Clifft,bclifft1h@posterous.com,Female,South Africa,flavors.me,1967-02-11
55,Tedra,Leeming,tleeming1i@independent.co.uk,Female,China,e-recht24.de,1959-06-18
56,Marina,Soitoux,msoitoux1j@theguardian.com,Female,Russia,liveinternet.ru,2002-01-12
57,Chevy,Eagers,ceagers1k@rediff.com,Male,Russia,rambler.ru,2004-09-15
58,Torrie,Pigeon,tpigeon1l@webs.com,Female,Poland,sina.com.cn,2010-10-04
59,Sheilah,Mapston,smapston1m@bing.com,Genderfluid,Serbia,discuz.net,2016-06-11
60,Glenden,Marshallsay,gmarshallsay1n@sina.com.cn,Bigender,Sweden,live.com,1937-05-19
61,Prentice,Beasant,pbeasant1o@google.it,Non-binary,Croatia,newsvine.com,1967-07-14
62,Millie,Medlin,mmedlin1p@youtu.be,Female,Poland,angelfire.com,2021-03-20
63,Collette,Hanigan,chanigan1q@so-net.ne.jp,Female,China,jalbum.net,2008-03-05
64,Bambi,Helsby,bhelsby1r@pen.io,Female,Brazil,taobao.com,1994-05-16
65,Jerrilee,Skep,jskep1s@hao123.com,Female,Mexico,umich.edu,1942-03-17
66,Chad,Sola,csola1t@g.co,Female,China,lulu.com,2021-03-27
67,Auria,Jakuszewski,ajakuszewski1u@deviantart.com,Female,China,economist.com,1982-05-31
68,Urban,Du Pre,udupre1v@tuttocitta.it,Male,Colombia,flickr.com,1933-08-10
69,Kerry,Sember,ksember1w@technorati.com,Female,Japan,patch.com,2021-09-18
70,Jada,Hender,jhender1x@prweb.com,Non-binary,China,webs.com,1982-06-09
71,Ephrem,Ead,eead1y@ning.com,Male,China,nymag.com,1960-12-10
72,Grace,Tarborn,gtarborn1z@nsw.gov.au,Female,Ukraine,flavors.me,1997-12-04
73,Roldan,Lundy,rlundy20@typepad.com,Male,China,cocolog-nifty.com,1938-05-25
74,Hi,Sewill,hsewill21@whitehouse.gov,Male,Poland,barnesandnoble.com,1934-01-08
75,Dorthy,Falla,dfalla22@blogger.com,Female,Czech Republic,google.co.jp,2023-06-20
76,Demetra,Kingdon,dkingdon23@ovh.net,Non-binary,Palestinian Territory,umich.edu,1949-07-16
77,Ignacius,Brewins,ibrewins24@hostgator.com,Male,Russia,theguardian.com,1965-03-29
78,Robbyn,Matfield,rmatfield25@youku.com,Female,China,state.gov,1998-09-30
79,Bennie,Lapslie,blapslie26@freewebs.com,Female,France,unicef.org,2010-12-31
80,Nancy,Hustler,nhustler27@printfriendly.com,Genderfluid,China,etsy.com,1936-01-26
81,Raffarty,Bartocci,rbartocci28@springer.com,Male,China,state.tx.us,1939-08-20
82,Tiphani,Trussell,ttrussell29@soup.io,Female,Ukraine,princeton.edu,1949-11-28
83,Kearney,Dorin,kdorin2a@google.pl,Male,Liberia,washingtonpost.com,1950-10-31
84,Shaylyn,Robardley,srobardley2b@webnode.com,Female,France,sogou.com,1943-10-09
85,Nicky,Hattam,nhattam2c@noaa.gov,Polygender,Guadeloupe,utexas.edu,1955-10-06
86,Darcy,Shoemark,dshoemark2d@oracle.com,Female,China,multiply.com,1967-04-18
87,Bernardine,Hellis,bhellis2e@prlog.org,Female,China,infoseek.co.jp,1991-09-26
88,Bone,Gimert,bgimert2f@hubpages.com,Male,China,prnewswire.com,1970-04-09
89,Krystalle,Scholl,kscholl2g@cam.ac.uk,Female,Japan,sogou.com,2006-10-15
90,Barnie,Luxon,bluxon2h@boston.com,Male,Chad,comsenz.com,2005-02-15
91,Rickey,Arghent,rarghent2i@odnoklassniki.ru,Male,Dominican Republic,posterous.com,1942-07-04
92,Blane,Pinks,bpinks2j@constantcontact.com,Male,China,seattletimes.com,1931-10-08
93,Moreen,Capper,mcapper2k@yale.edu,Agender,China,dedecms.com,2017-11-12
94,Zitella,Burry,zburry2l@123-reg.co.uk,Female,Indonesia,unblog.fr,2022-05-08
95,Dominic,Dennerly,ddennerly2m@nyu.edu,Genderfluid,Indonesia,friendfeed.com,1984-05-11
96,Royce,Brasher,rbrasher2n@free.fr,Male,Brazil,dagondesign.com,1990-01-14
97,Lonnard,Royste,lroyste2o@multiply.com,Male,China,joomla.org,1980-09-17
98,Marcellus,Merwede,mmerwede2p@dot.gov,Bigender,Argentina,arstechnica.com,1954-03-14
99,Milicent,Strippel,mstrippel2q@mail.ru,Female,Portugal,icio.us,1937-10-18
100,Ebeneser,Eggerton,eeggerton2r@thetimes.co.uk,Male,United States,csmonitor.com,1944-11-24
101,Levin,Bridgen,lbridgen2s@apache.org,Male,Philippines,guardian.co.uk,2004-08-07
102,Ulick,Varden,uvarden2t@google.de,Male,Russia,omniture.com,1952-06-24
103,Malena,Showl,mshowl2u@cdbaby.com,Female,Philippines,netscape.com,1999-10-22
104,Judie,Devereux,jdevereux2v@barnesandnoble.com,Female,Indonesia,wikipedia.org,1989-10-18
105,Graehme,Lackie,glackie2w@miitbeian.gov.cn,Male,Japan,salon.com,1968-03-03
106,Trisha,Sherme,tsherme2x@vk.com,Female,United States,webs.com,1973-05-30
107,Patricio,Lesser,plesser2y@nytimes.com,Male,Philippines,ebay.com,1959-11-28
108,Isabeau,Hlavecek,ihlavecek2z@yale.edu,Female,Russia,instagram.com,1938-11-23
109,Gertruda,Scay,gscay30@mac.com,Female,Brazil,arizona.edu,1968-11-04
110,Normie,Vizor,nvizor31@hugedomains.com,Male,Poland,weibo.com,2010-11-06
111,Rebbecca,Riply,rriply32@delicious.com,Female,Mongolia,howstuffworks.com,1941-04-09
112,Ellary,Di Matteo,edimatteo33@godaddy.com,Male,Poland,nifty.com,1950-07-12
113,Fayina,Demogeot,fdemogeot34@friendfeed.com,Female,Zambia,geocities.jp,2008-09-29
114,Portie,Ingamells,pingamells35@globo.com,Male,Cuba,dagondesign.com,1936-05-09
115,Rowen,Eltone,reltone36@wisc.edu,Male,China,google.fr,2019-05-02
116,Charmaine,Karel,ckarel37@hubpages.com,Female,Czech Republic,psu.edu,1958-12-28
117,Tibold,Duffrie,tduffrie38@msu.edu,Male,Argentina,jiathis.com,2002-07-04
118,Tobe,Sivell,tsivell39@zimbio.com,Male,Brazil,ox.ac.uk,1977-01-29
119,Alis,Curro,acurro3a@ed.gov,Female,Thailand,ameblo.jp,1984-06-23
120,Staford,Selbach,sselbach3b@edublogs.org,Male,Indonesia,desdev.cn,2011-11-29
121,Roselia,Bardwell,rbardwell3c@ifeng.com,Female,Philippines,yahoo.co.jp,1931-09-24
122,Drud,Wapple,dwapple3d@slate.com,Male,Indonesia,blogs.com,1964-12-21
123,Ibbie,Dorro,idorro3e@adobe.com,Female,China,foxnews.com,1939-12-21
124,Neddy,Huggen,nhuggen3f@icq.com,Male,Indonesia,ning.com,1981-03-29
125,Adrian,Hyett,ahyett3g@rambler.ru,Male,Indonesia,moonfruit.com,2012-12-17
126,Stephenie,Hacquoil,shacquoil3h@amazon.co.jp,Female,Thailand,europa.eu,2008-05-20
127,Beryle,Cuseck,bcuseck3i@ameblo.jp,Female,Russia,i2i.jp,2008-06-15
128,Angelita,Corby,acorby3j@tinyurl.com,Female,Indonesia,sbwire.com,1968-06-09
129,Zelig,Wigelsworth,zwigelsworth3k@epa.gov,Male,United States,altervista.org,1952-12-19
130,Thaddus,Huby,thuby3l@washington.edu,Male,Japan,edublogs.org,1956-02-10
131,Heidi,Elfleet,helfleet3m@networkadvertising.org,Female,Mozambique,posterous.com,1981-03-24
132,Tish,Garr,tgarr3n@plala.or.jp,Female,Lithuania,google.nl,2001-06-21
133,Hastings,Nicklinson,hnicklinson3o@sfgate.com,Male,Mexico,apache.org,1972-07-16
134,Zarla,McFadin,zmcfadin3p@businessinsider.com,Female,South Korea,si.edu,1995-12-05
135,Cary,Fieldgate,cfieldgate3q@amazon.co.uk,Polygender,Ukraine,diigo.com,1979-09-11
136,Andria,Gateland,agateland3r@furl.net,Female,China,mlb.com,2004-01-14
137,Caro,Flanigan,cflanigan3s@huffingtonpost.com,Female,Portugal,salon.com,1991-03-07
138,Gare,Toyer,gtoyer3t@illinois.edu,Male,Peru,jalbum.net,2021-12-24
139,Pancho,Gruszecki,pgruszecki3u@ft.com,Male,China,netvibes.com,1956-08-15
140,Fawnia,Croom,fcroom3v@ed.gov,Female,Japan,meetup.com,1957-08-02
141,Murvyn,Keigher,mkeigher3w@webnode.com,Male,Russia,constantcontact.com,1957-08-23
142,Raleigh,Tuxill,rtuxill3x@skype.com,Male,Sri Lanka,dailymotion.com,1996-02-26
143,Dieter,Dockree,ddockree3y@youku.com,Male,Botswana,google.ca,1952-07-08
144,Eadmund,Yantsev,eyantsev3z@lulu.com,Male,Indonesia,seattletimes.com,1960-11-25
145,Xena,Teape,xteape40@nih.gov,Female,China,go.com,1963-07-06
146,Lynnet,Parke,lparke41@biblegateway.com,Female,Japan,freewebs.com,1953-12-14
147,Danya,Hiorn,dhiorn42@drupal.org,Female,Indonesia,usa.gov,1997-04-27
148,Bil,Lace,blace43@hp.com,Male,Russia,rakuten.co.jp,2015-06-21
149,Leyla,Rowena,lrowena44@uiuc.edu,Female,Palestinian Territory,phoca.cz,2001-02-21
150,Sherwin,Ardern,sardern45@cdbaby.com,Male,China,latimes.com,2001-06-10
151,Angelia,Brotherheed,abrotherheed46@ucoz.com,Female,China,tamu.edu,1992-03-31
152,Tobie,Wiggington,twiggington47@skype.com,Male,Philippines,businessweek.com,1946-08-28
153,Yetty,Aguirrezabala,yaguirrezabala48@ow.ly,Female,China,boston.com,1944-04-22
154,Smitty,Andrusyak,sandrusyak49@instagram.com,Male,Norway,boston.com,1938-07-22
155,Henryetta,Keyte,hkeyte4a@microsoft.com,Female,Brazil,gravatar.com,1999-12-04
156,Moritz,Pittet,mpittet4b@bluehost.com,Male,Russia,mail.ru,2002-09-23
157,Aymer,Neasam,aneasam4c@forbes.com,Male,Russia,tmall.com,1945-06-23
158,Wilow,Upcraft,wupcraft4d@ucla.edu,Female,Peru,friendfeed.com,1955-06-07
159,Winna,Dundendale,wdundendale4e@pen.io,Female,Ukraine,networksolutions.com,1985-11-18
160,Judd,Bruff,jbruff4f@pagesperso-orange.fr,Male,Indonesia,google.com.br,1943-02-25
161,Francine,Petroulis,fpetroulis4g@topsy.com,Female,Poland,shinystat.com,2009-02-13
162,Dael,McKelvey,dmckelvey4h@seattletimes.com,Male,Sweden,sciencedaily.com,1966-01-25
163,Fransisco,Buckler,fbuckler4i@hugedomains.com,Male,Paraguay,npr.org,2000-01-23
164,Lukas,Padgett,lpadgett4j@answers.com,Male,South Korea,youku.com,2017-04-14
165,Angie,Goodrick,agoodrick4k@blog.com,Genderqueer,China,dot.gov,1987-11-14
166,Philomena,Christer,pchrister4l@addtoany.com,Female,Philippines,g.co,2023-07-08
167,Ilyse,Wickenden,iwickenden4m@mayoclinic.com,Female,Malaysia,smh.com.au,2019-04-20
168,Whittaker,Sharpley,wsharpley4n@independent.co.uk,Male,Portugal,unesco.org,2019-01-27
169,Matthias,Birkett,mbirkett4o@list-manage.com,Male,Philippines,abc.net.au,1940-02-16
170,David,Le Grice,dlegrice4p@newyorker.com,Male,Slovenia,gravatar.com,2017-09-09
171,Tiffie,Feak,tfeak4q@bloomberg.com,Female,China,telegraph.co.uk,1964-05-28
172,Helaine,Purrier,hpurrier4r@google.com.au,Female,Indonesia,yelp.com,1972-03-09
173,Pris,Jaques,pjaques4s@google.com.au,Female,Brazil,cornell.edu,1937-05-15
174,Nessi,Hansbury,nhansbury4t@about.me,Female,China,google.co.jp,1981-07-22
175,Loralee,Furniss,lfurniss4u@free.fr,Female,Latvia,paginegialle.it,1989-02-19
176,Artur,Eslinger,aeslinger4v@hubpages.com,Male,Morocco,flavors.me,2014-09-25
177,Moll,Buckley,mbuckley4w@craigslist.org,Female,France,naver.com,1936-06-15
178,Marion,Breazeall,mbreazeall4x@cam.ac.uk,Male,Russia,businesswire.com,2023-01-17
179,Carla,Girkin,cgirkin4y@eepurl.com,Female,Philippines,bizjournals.com,1982-01-16
180,Karl,Barz,kbarz4z@smh.com.au,Male,Kenya,usatoday.com,1959-02-25
181,Mada,Mundall,mmundall50@google.ca,Female,Colombia,globo.com,1939-08-26
182,Dorie,Devoy,ddevoy51@delicious.com,Male,Tanzania,woothemes.com,2019-04-13
183,Joannes,Sandyfirth,jsandyfirth52@tiny.cc,Polygender,Azerbaijan,artisteer.com,1941-12-01
184,Carley,Joss,cjoss53@google.ru,Female,Palestinian Territory,ucoz.ru,1936-04-02
185,Ginevra,Ceci,gceci54@yale.edu,Female,Japan,hibu.com,1979-11-18
186,Ally,Symon,asymon55@xinhuanet.com,Female,China,nymag.com,1957-06-17
187,Christina,Cudiff,ccudiff56@npr.org,Female,Japan,opensource.org,1953-07-27
188,Pansie,Cockburn,pcockburn57@ycombinator.com,Female,Indonesia,eepurl.com,1942-04-08
189,Hersh,Dick,hdick58@wikimedia.org,Male,Indonesia,merriam-webster.com,1983-11-29
190,Ignace,Binnion,ibinnion59@mapquest.com,Male,Indonesia,deliciousdays.com,2022-11-18
191,Hillary,Snare,hsnare5a@imdb.com,Female,Panama,cbc.ca,1990-12-06
192,Bobbye,Kingaby,bkingaby5b@php.net,Female,Ukraine,behance.net,1934-11-04
193,Justino,Mussared,jmussared5c@tinyurl.com,Male,Indonesia,craigslist.org,1968-03-16
194,Lonni,McCuish,lmccuish5d@timesonline.co.uk,Female,Russia,arizona.edu,1970-08-24
195,Forest,Frayn,ffrayn5e@ebay.com,Male,Dominican Republic,buzzfeed.com,1956-09-16
196,Matthias,Groome,mgroome5f@mit.edu,Male,Mexico,bluehost.com,2010-04-08
197,Adrian,Loddy,aloddy5g@dell.com,Female,China,home.pl,1999-03-25
198,Odelinda,Smiley,osmiley5h@pcworld.com,Female,Ukraine,ft.com,2023-06-16
199,Elva,Stitle,estitle5i@wikipedia.org,Female,Sudan,twitter.com,2018-01-19
200,Rosina,Conduit,rconduit5j@noaa.gov,Female,Palestinian Territory,usgs.gov,1991-10-08
201,Aimil,Ropp,aropp5k@nationalgeographic.com,Agender,Russia,edublogs.org,1941-11-02
202,Halie,Romeril,hromeril5l@ox.ac.uk,Female,Chile,about.me,1998-10-25
203,Crystal,Davie,cdavie5m@over-blog.com,Female,Japan,tinyurl.com,1948-04-12
204,Harris,Guerreiro,hguerreiro5n@jigsy.com,Male,Costa Rica,amazon.co.jp,1965-08-16
205,Tremain,Dunnaway,tdunnaway5o@jugem.jp,Male,China,ovh.net,2014-01-07
206,Theo,Dudley,tdudley5p@google.com.hk,Male,Russia,shop-pro.jp,2004-05-29
207,Lauretta,Neiland,lneiland5q@google.fr,Bigender,Indonesia,mysql.com,2010-09-29
208,Patrizio,Zucker,pzucker5r@netscape.com,Bigender,Poland,yolasite.com,1979-03-18
209,Dominique,Vallentin,dvallentin5s@adobe.com,Male,Philippines,123-reg.co.uk,1988-03-17
210,Babb,Gjerde,bgjerde5t@mapquest.com,Female,Indonesia,nhs.uk,1953-11-13
211,Clayborn,Shevlane,cshevlane5u@elegantthemes.com,Male,Indonesia,dagondesign.com,1943-06-25
212,Isadore,Littledyke,ilittledyke5v@google.com,Male,Nicaragua,smugmug.com,1965-01-08
213,Sasha,Awcoate,sawcoate5w@joomla.org,Male,Zimbabwe,thetimes.co.uk,1977-12-30
214,Jephthah,Iley,jiley5x@craigslist.org,Male,Nigeria,blogger.com,1979-08-24
215,Hakeem,Umbers,humbers5y@naver.com,Male,Andorra,oaic.gov.au,1959-10-08
216,Tobye,McBoyle,tmcboyle5z@ft.com,Female,Indonesia,harvard.edu,1949-06-28
217,Erin,Scola,escola60@foxnews.com,Male,Poland,people.com.cn,1958-12-29
218,Gerrilee,Lourens,glourens61@multiply.com,Female,Philippines,springer.com,1959-01-14
219,Ky,Dugue,kdugue62@oracle.com,Male,France,miibeian.gov.cn,2016-05-04
220,Towny,Birkwood,tbirkwood63@cdc.gov,Male,Indonesia,wiley.com,1976-01-04
221,Normand,Dumberell,ndumberell64@hugedomains.com,Male,Bolivia,dropbox.com,1986-12-27
222,Nannette,Jaeggi,njaeggi65@discuz.net,Agender,Portugal,ebay.co.uk,2023-10-22
223,Andy,Jardein,ajardein66@mtv.com,Male,Portugal,google.ca,1937-09-08
224,Nata,Franzini,nfranzini67@wunderground.com,Female,France,ftc.gov,1972-06-29
225,Auroora,Treverton,atreverton68@discuz.net,Female,Armenia,prweb.com,1959-05-25
226,Caro,Sinkin,csinkin69@oracle.com,Female,Tajikistan,bandcamp.com,1933-04-11
227,Antone,Jovasevic,ajovasevic6a@dedecms.com,Male,Ivory Coast,ucoz.com,1949-11-23
228,Fawnia,Gockelen,fgockelen6b@loc.gov,Female,Nigeria,comcast.net,1939-07-11
229,Bobbette,Gagg,bgagg6c@wikipedia.org,Female,Philippines,storify.com,2011-11-15
230,Marj,Lampitt,mlampitt6d@prlog.org,Non-binary,Philippines,berkeley.edu,1991-09-03
231,Sam,Harbage,sharbage6e@cyberchimps.com,Male,France,geocities.com,1959-01-15
232,Alonzo,Scudder,ascudder6f@hubpages.com,Male,Ukraine,house.gov,1982-11-29
233,Eduardo,Skillicorn,eskillicorn6g@etsy.com,Male,Russia,free.fr,1944-01-10
234,Dagny,Fulkes,dfulkes6h@elegantthemes.com,Male,Indonesia,behance.net,1961-02-08
235,Claudian,Tessington,ctessington6i@hc360.com,Male,Yemen,examiner.com,1947-10-03
236,Rogerio,Kaesmakers,rkaesmakers6j@washington.edu,Male,Indonesia,myspace.com,1982-05-26
237,Joe,Jeayes,jjeayes6k@wordpress.org,Male,China,sfgate.com,1980-10-27
238,Jemmie,Whittlesea,jwhittlesea6l@cdc.gov,Female,Peru,ed.gov,1998-09-10
239,Duff,Withers,dwithers6m@oaic.gov.au,Male,Portugal,typepad.com,1937-05-05
240,Benji,Walch,bwalch6n@fastcompany.com,Male,Poland,last.fm,1976-11-13
241,Wilek,Sneesbie,wsneesbie6o@webs.com,Male,Vietnam,bandcamp.com,2012-11-18
242,Danya,Doblin,ddoblin6p@cyberchimps.com,Male,Comoros,clickbank.net,1970-09-23
243,Tate,Rozalski,trozalski6q@acquirethisname.com,Female,China,qq.com,1989-07-27
244,Nanette,Espinay,nespinay6r@dot.gov,Female,Russia,ycombinator.com,2009-06-16
245,Ardine,Cowtherd,acowtherd6s@friendfeed.com,Female,South Korea,craigslist.org,1954-10-16
246,Adlai,Frediani,afrediani6t@123-reg.co.uk,Bigender,South Africa,cmu.edu,2022-12-08
247,Cecil,Mushet,cmushet6u@com.com,Male,Palestinian Territory,economist.com,1949-05-01
248,Lars,Leele,lleele6v@pcworld.com,Male,Guam,mail.ru,1981-10-04
249,Tyler,Spriggen,tspriggen6w@google.it,Male,Azerbaijan,yale.edu,1998-04-10
250,Dag,Riding,driding6x@ning.com,Male,Luxembourg,about.me,1979-06-10
251,Falkner,Handscombe,fhandscombe6y@chronoengine.com,Male,Russia,state.gov,1940-05-29
252,Marleah,Cowen,mcowen6z@yahoo.com,Female,China,taobao.com,1964-03-24
253,Abramo,Smedmoor,asmedmoor70@mashable.com,Bigender,Nigeria,hatena.ne.jp,1981-04-20
254,Woodman,O'Hartigan,wohartigan71@amazon.co.uk,Male,Finland,privacy.gov.au,1982-12-05
255,Ansley,Quartermain,aquartermain72@economist.com,Female,China,wufoo.com,1931-10-23
256,Myrtice,Leaf,mleaf73@deliciousdays.com,Female,Czech Republic,squarespace.com,1944-06-12
257,Gennifer,Eddies,geddies74@miibeian.gov.cn,Female,Brazil,meetup.com,2018-05-25
258,Garek,Partner,gpartner75@livejournal.com,Male,Cyprus,va.gov,1972-12-26
259,Shir,Sallier,ssallier76@discovery.com,Female,Ukraine,blinklist.com,2000-01-26
260,Syd,Burds,sburds77@de.vu,Genderfluid,Indonesia,jiathis.com,1942-07-08
261,Kittie,Gorghetto,kgorghetto78@diigo.com,Non-binary,Indonesia,pbs.org,1947-08-17
262,Beverly,Rivers,brivers79@lulu.com,Female,Japan,privacy.gov.au,1986-04-15
263,Kora,Bellwood,kbellwood7a@1und1.de,Female,Philippines,people.com.cn,1990-12-13
264,Thedric,Najera,tnajera7b@blogspot.com,Male,Russia,fema.gov,2023-07-03
265,Lyn,Ounsworth,lounsworth7c@wufoo.com,Male,Croatia,umich.edu,1936-03-01
266,Raynor,Baldack,rbaldack7d@gmpg.org,Polygender,China,netvibes.com,1964-11-02
267,Tess,Tristram,ttristram7e@ucoz.com,Female,Brazil,rakuten.co.jp,1980-06-26
268,Derk,Niave,dniave7f@ucoz.ru,Male,Greece,google.com,2009-01-01
269,Velvet,Broderick,vbroderick7g@sfgate.com,Female,Vietnam,telegraph.co.uk,1932-01-29
270,Archy,Bumphrey,abumphrey7h@amazon.com,Male,Thailand,abc.net.au,1986-01-25
271,Leena,Regorz,lregorz7i@scientificamerican.com,Female,France,posterous.com,1978-05-09
272,Thaddeus,McPhate,tmcphate7j@altervista.org,Male,Vietnam,marketwatch.com,1983-06-05
273,Gannie,Cowley,gcowley7k@google.co.jp,Male,French Polynesia,qq.com,2018-04-14
274,Thea,Eddie,teddie7l@bluehost.com,Female,Iran,goo.ne.jp,1972-08-03
275,Davie,Sneden,dsneden7m@qq.com,Male,South Korea,myspace.com,1952-01-26
276,Vin,Loveredge,vloveredge7n@abc.net.au,Genderfluid,Nigeria,squarespace.com,1958-09-18
277,Lexie,Feavyour,lfeavyour7o@naver.com,Female,Russia,ask.com,1942-02-08
278,Matthaeus,Trenholm,mtrenholm7p@discovery.com,Male,Croatia,shop-pro.jp,2013-10-12
279,Hartwell,Rosser,hrosser7q@newsvine.com,Male,Russia,studiopress.com,1989-10-07
280,Rabi,Bailess,rbailess7r@nature.com,Male,Estonia,blog.com,1976-02-16
281,Cherice,Franchyonok,cfranchyonok7s@gov.uk,Polygender,Albania,dyndns.org,1945-11-30
282,Zandra,McSparran,zmcsparran7t@prlog.org,Female,Sweden,ehow.com,1971-02-27
283,Vivi,Newcomb,vnewcomb7u@histats.com,Female,Indonesia,bbc.co.uk,1962-06-13
284,Teirtza,Hylden,thylden7v@webnode.com,Female,Slovenia,cbc.ca,1946-06-15
285,Robinet,Mapson,rmapson7w@huffingtonpost.com,Female,Sweden,rambler.ru,1960-10-05
286,Kathi,Bentame,kbentame7x@oaic.gov.au,Female,China,sfgate.com,1955-12-20
287,Rutledge,Gebbie,rgebbie7y@samsung.com,Male,Indonesia,webs.com,1967-09-18
288,Normy,Oxe,noxe7z@cornell.edu,Male,Russia,yelp.com,1934-09-29
289,Nance,Blasgen,nblasgen80@gravatar.com,Female,Afghanistan,clickbank.net,1967-02-26
290,Winifred,Duerden,wduerden81@homestead.com,Female,Sweden,storify.com,1997-07-26
291,Florette,Pietri,fpietri82@flavors.me,Genderfluid,Madagascar,cornell.edu,2016-02-28
292,Hanna,Cokely,hcokely83@upenn.edu,Female,Malaysia,mapy.cz,1966-07-28
293,Dionysus,Boules,dboules84@rambler.ru,Male,Brazil,foxnews.com,1981-11-18
294,Roman,Hurlestone,rhurlestone85@newsvine.com,Male,Russia,github.com,2021-11-04
295,Woodrow,Kennally,wkennally86@dyndns.org,Male,Ethiopia,paginegialle.it,2007-02-24
296,Zacharia,Bigby,zbigby87@friendfeed.com,Male,Vietnam,webnode.com,1989-05-31
297,Lorettalorna,Romans,lromans88@pcworld.com,Female,Philippines,dagondesign.com,2002-12-01
298,Diana,Boriston,dboriston89@ihg.com,Female,Argentina,globo.com,1963-05-26
299,Kennedy,Eggleston,keggleston8a@dmoz.org,Male,Portugal,stumbleupon.com,1972-04-12
300,Bondon,Shrimplin,bshrimplin8b@noaa.gov,Male,France,nih.gov,2023-07-29
301,Gabbie,Elcott,gelcott8c@goodreads.com,Female,China,fema.gov,1979-10-16
302,Maren,Benneton,mbenneton8d@webmd.com,Female,Malta,goo.gl,1960-09-03
303,Samaria,Lombard,slombard8e@scientificamerican.com,Female,Philippines,mozilla.com,1950-12-21
304,Nat,Byass,nbyass8f@networksolutions.com,Female,United States,va.gov,1967-09-30
305,Amelie,Burdekin,aburdekin8g@myspace.com,Female,Zambia,imgur.com,1964-07-24
306,Krishnah,Frankcombe,kfrankcombe8h@seesaa.net,Male,Japan,noaa.gov,2008-07-27
307,Berke,Kay,bkay8i@cyberchimps.com,Male,France,opensource.org,2005-03-25
308,Kris,Hiland,khiland8j@icio.us,Male,Kuwait,nydailynews.com,1984-05-25
309,Latisha,Casterot,lcasterot8k@people.com.cn,Female,China,furl.net,1932-01-21
310,Florian,Cunnington,fcunnington8l@facebook.com,Genderqueer,Russia,dyndns.org,2004-01-18
311,Olav,MacCrossan,omaccrossan8m@army.mil,Male,France,ow.ly,2018-03-25
312,Zarla,Josey,zjosey8n@opensource.org,Female,Hungary,github.com,2016-12-15
313,Meredeth,Lortzing,mlortzing8o@tuttocitta.it,Male,Egypt,google.com,1960-12-26
314,Janna,Titheridge,jtitheridge8p@e-recht24.de,Female,China,gnu.org,1954-03-06
315,Valentina,Broxholme,vbroxholme8q@cnbc.com,Female,Philippines,imgur.com,1932-12-27
316,Richie,Zanetello,rzanetello8r@webs.com,Male,Russia,globo.com,2022-03-09
317,Jeromy,Flintiff,jflintiff8s@illinois.edu,Male,Myanmar,t-online.de,2015-11-11
318,Monte,Tschursch,mtschursch8t@amazon.co.uk,Male,Azerbaijan,un.org,1977-08-27
319,Hermie,Winn,hwinn8u@dell.com,Male,Brazil,noaa.gov,2019-05-30
320,Erie,Orfeur,eorfeur8v@canalblog.com,Male,Cayman Islands,wix.com,2015-05-18
321,Shayne,Glas,sglas8w@ftc.gov,Male,China,cam.ac.uk,1949-09-26
322,Lars,Elward,lelward8x@scribd.com,Genderqueer,Peru,booking.com,1997-11-30
323,Miles,Kembry,mkembry8y@shinystat.com,Male,Cameroon,bloglines.com,2014-04-12
324,Lynde,Cheales,lcheales8z@forbes.com,Female,Sweden,home.pl,2003-10-02
325,Patrizius,Bernollet,pbernollet90@macromedia.com,Male,Canada,behance.net,1987-08-09
326,Courtney,Cescot,ccescot91@yahoo.co.jp,Female,Indonesia,paypal.com,2020-08-03
327,Bendix,Lottrington,blottrington92@bloglovin.com,Bigender,Indonesia,pinterest.com,2014-09-28
328,Madison,Phil,mphil93@reddit.com,Male,Honduras,noaa.gov,2021-12-17
329,Virgie,Iacovino,viacovino94@simplemachines.org,Male,United States,princeton.edu,1953-04-11
330,Rog,Garnett,rgarnett95@multiply.com,Male,Indonesia,examiner.com,2014-04-29
331,Alissa,Munnion,amunnion96@ucla.edu,Female,China,ezinearticles.com,2001-01-19
332,Breena,Cresar,bcresar97@squarespace.com,Female,Indonesia,posterous.com,1961-12-29
333,Alfonse,Cranmore,acranmore98@w3.org,Male,Indonesia,t-online.de,1972-02-08
334,Fernanda,Betz,fbetz99@ezinearticles.com,Female,Pakistan,ocn.ne.jp,2020-04-16
335,Janeta,Nucciotti,jnucciotti9a@wikia.com,Female,France,google.fr,2003-12-13
336,Katrina,Renard,krenard9b@bbc.co.uk,Female,Tanzania,huffingtonpost.com,1996-07-22
337,Abie,Fulun,afulun9c@tinyurl.com,Male,Brazil,ustream.tv,1935-10-13
338,Whitman,Tilberry,wtilberry9d@rakuten.co.jp,Male,China,odnoklassniki.ru,1949-09-05
339,Zed,Gorick,zgorick9e@wired.com,Male,Indonesia,facebook.com,2001-04-25
340,Noemi,Bruniges,nbruniges9f@yandex.ru,Female,France,github.io,1949-11-11
341,Sarina,Uebel,suebel9g@xing.com,Female,Finland,cbc.ca,2022-02-24
342,Eula,O'Carney,eocarney9h@freewebs.com,Female,Saint Martin,craigslist.org,2002-05-05
343,Rosemaria,Knowler,rknowler9i@cnet.com,Female,China,nyu.edu,2013-04-06
344,Annora,Kobierra,akobierra9j@squidoo.com,Female,China,nationalgeographic.com,1963-12-13
345,Derk,Janko,djanko9k@rakuten.co.jp,Male,Syria,oakley.com,1931-12-08
346,Halie,Founds,hfounds9l@cbc.ca,Female,Russia,ask.com,1974-01-02
347,Shalom,Elmar,selmar9m@uiuc.edu,Male,Estonia,miitbeian.gov.cn,2000-07-25
348,Tucker,Tinsey,ttinsey9n@msu.edu,Male,Cuba,mtv.com,1973-04-22
349,Jessalyn,Wyss,jwyss9o@twitter.com,Female,Vietnam,1und1.de,1994-02-13
350,Axe,Rearie,arearie9p@icio.us,Genderfluid,Tajikistan,nydailynews.com,1931-04-12
351,Hailee,MacChaell,hmacchaell9q@google.nl,Female,Senegal,fema.gov,1976-07-19
352,Shelley,Fadian,sfadian9r@go.com,Male,France,geocities.jp,1994-01-12
353,Byrle,Daily,bdaily9s@wikipedia.org,Male,Philippines,loc.gov,2006-06-09
354,Kelley,Brumpton,kbrumpton9t@fotki.com,Male,Portugal,w3.org,1972-09-06
355,Jeffry,Malinson,jmalinson9u@dailymotion.com,Male,United States,123-reg.co.uk,1979-02-22
356,Genvieve,Withams,gwithams9v@fc2.com,Female,China,baidu.com,2012-03-25
357,Inigo,Cleaton,icleaton9w@economist.com,Male,Russia,smugmug.com,1968-03-25
358,Ashbey,Cline,acline9x@linkedin.com,Male,Czech Republic,patch.com,1933-10-07
359,Babs,Brandli,bbrandli9y@rakuten.co.jp,Female,United States,guardian.co.uk,1967-04-24
360,Upton,Geaveny,ugeaveny9z@ox.ac.uk,Male,Greece,stumbleupon.com,1965-03-12
361,Marty,Matusson,mmatussona0@joomla.org,Male,Bosnia and Herzegovina,google.com.au,1981-06-10
362,Stephine,Tabram,stabrama1@narod.ru,Female,Afghanistan,sfgate.com,1991-06-10
363,Guglielma,Ungaretti,gungarettia2@plala.or.jp,Female,China,pagesperso-orange.fr,1940-04-03
364,Kally,Bergeau,kbergeaua3@t.co,Genderqueer,Greece,hibu.com,1949-10-02
365,Faber,Coiley,fcoileya4@topsy.com,Male,Japan,lulu.com,1955-12-26
366,Yorgos,Ohms,yohmsa5@symantec.com,Male,Indonesia,unc.edu,2001-06-16
367,Ninon,Toppes,ntoppesa6@booking.com,Female,Yemen,theglobeandmail.com,2013-07-14
368,Danella,Kalb,dkalba7@quantcast.com,Female,China,g.co,1997-08-09
369,Avram,Brodeau,abrodeaua8@craigslist.org,Male,Peru,domainmarket.com,2013-05-19
370,Thorn,Grinikhinov,tgrinikhinova9@godaddy.com,Male,Colombia,accuweather.com,2001-05-01
371,Lethia,Westmore,lwestmoreaa@thetimes.co.uk,Female,Portugal,1688.com,1953-07-27
372,Gray,Sutcliffe,gsutcliffeab@phpbb.com,Female,Poland,netvibes.com,1943-01-02
373,Emlyn,Peek,epeekac@blog.com,Male,Venezuela,go.com,1981-03-10
374,Raleigh,Horwell,rhorwellad@addtoany.com,Male,Sweden,furl.net,1970-06-28
375,Christopher,MacAlpin,cmacalpinae@house.gov,Male,Albania,stanford.edu,1985-02-20
376,Millie,Swadon,mswadonaf@msu.edu,Female,Cuba,oakley.com,1971-02-10
377,Gavrielle,Boam,gboamag@europa.eu,Female,Indonesia,mashable.com,1944-06-25
378,Shaw,Pash,spashah@berkeley.edu,Male,China,sogou.com,1982-05-15
379,Cristabel,Grinsted,cgrinstedai@tuttocitta.it,Female,Moldova,youku.com,2014-06-12
380,Lanie,Paddle,lpaddleaj@ow.ly,Female,France,xinhuanet.com,2005-08-24
381,Elwood,Branche,ebrancheak@mapy.cz,Male,Latvia,baidu.com,2010-11-20
382,Adair,Pepis,apepisal@irs.gov,Male,China,tripod.com,1955-01-24
383,Imelda,Fensome,ifensomeam@newyorker.com,Female,China,printfriendly.com,1998-08-16
384,Ben,Dana,bdanaan@sciencedaily.com,Male,Nigeria,wufoo.com,2005-02-03
385,Vachel,Grimsdike,vgrimsdikeao@tripod.com,Male,Poland,mapy.cz,2000-02-15
386,Link,Berthod,lberthodap@list-manage.com,Male,China,xing.com,2015-03-01
387,Candy,Riveles,crivelesaq@unesco.org,Female,China,quantcast.com,2012-06-02
388,Israel,Hatwells,ihatwellsar@eventbrite.com,Male,Myanmar,networkadvertising.org,1931-02-17
389,Towney,Monkman,tmonkmanas@ebay.com,Male,China,yandex.ru,1940-01-20
390,Nap,Naisbit,nnaisbitat@vk.com,Genderqueer,Argentina,php.net,2004-07-26
391,Emlynn,Santoro,esantoroau@oaic.gov.au,Female,Brazil,epa.gov,1998-10-30
392,Nikolia,Rotge,nrotgeav@vkontakte.ru,Female,Kenya,umn.edu,1989-09-30
393,Morey,Dowyer,mdowyeraw@bluehost.com,Male,Guinea,hibu.com,1992-08-11
394,Augustine,Shelmardine,ashelmardineax@mediafire.com,Female,China,elegantthemes.com,1971-09-23
395,Basilius,Brodley,bbrodleyay@blogspot.com,Male,Thailand,acquirethisname.com,1936-06-27
396,Lorain,Dawtry,ldawtryaz@example.com,Female,United Kingdom,imdb.com,2017-07-09
397,Perla,Biddleston,pbiddlestonb0@cornell.edu,Female,France,cyberchimps.com,1935-11-01
398,Dudley,Carcass,dcarcassb1@opensource.org,Male,Canada,imdb.com,1981-09-08
399,Roland,Trenholme,rtrenholmeb2@ask.com,Male,China,yale.edu,1983-01-11
400,Olivie,Freebury,ofreeburyb3@ucoz.com,Female,China,about.com,1942-09-15
401,Keefe,Conichie,kconichieb4@tmall.com,Polygender,Burkina Faso,washington.edu,1939-06-30
402,Rozina,Fairman,rfairmanb5@usgs.gov,Female,Serbia,ucla.edu,1991-03-31
403,Amelia,Ouslem,aouslemb6@trellian.com,Female,China,baidu.com,1950-03-26
404,Lea,Mackelworth,lmackelworthb7@vkontakte.ru,Agender,Japan,guardian.co.uk,1963-12-13
405,Matelda,Ayris,mayrisb8@java.com,Female,Vietnam,illinois.edu,2018-11-24
406,Wildon,Escoffrey,wescoffreyb9@ted.com,Agender,Estonia,pinterest.com,1996-08-15
407,Urbain,Kittoe,ukittoeba@google.de,Male,Malaysia,netvibes.com,1959-09-05
408,Dar,Mattaser,dmattaserbb@51.la,Male,Philippines,wikia.com,1940-10-09
409,Sisely,Pundy,spundybc@soup.io,Female,China,qq.com,1975-01-13
410,Kevina,Oggers,koggersbd@chicagotribune.com,Female,Indonesia,chicagotribune.com,1980-09-14
411,Hodge,Arendt,harendtbe@i2i.jp,Male,Poland,europa.eu,1990-06-01
412,Guthrie,Menichelli,gmenichellibf@purevolume.com,Male,Kazakhstan,pinterest.com,2007-09-18
413,Linnell,Farquar,lfarquarbg@pinterest.com,Genderfluid,China,arizona.edu,1974-02-11
414,Hershel,Drowsfield,hdrowsfieldbh@163.com,Genderqueer,Cameroon,tumblr.com,2010-03-17
415,Mohammed,O'Connel,moconnelbi@nydailynews.com,Male,China,flickr.com,1966-09-18
416,Rodney,Bingell,rbingellbj@theguardian.com,Male,Iran,comsenz.com,1939-11-10
417,Esteban,Brittle,ebrittlebk@shinystat.com,Male,Ukraine,elpais.com,1993-12-21
418,Wyndham,Ennor,wennorbl@forbes.com,Male,China,cocolog-nifty.com,1960-01-23
419,Augustus,Tanswell,atanswellbm@loc.gov,Male,China,ning.com,1951-01-27
420,Glad,Musicka,gmusickabn@phoca.cz,Female,Georgia,bbc.co.uk,1975-09-26
421,Rosabella,Pittendreigh,rpittendreighbo@amazonaws.com,Female,China,rakuten.co.jp,2005-06-20
422,Roberto,Aylmer,raylmerbp@github.com,Male,Serbia,ca.gov,2001-03-08
423,Vasili,Gumby,vgumbybq@nba.com,Male,China,wikia.com,1981-04-25
424,Danit,Rupp,druppbr@geocities.jp,Female,United States,reuters.com,2020-09-17
425,Foster,Manthroppe,fmanthroppebs@gravatar.com,Male,Indonesia,about.com,1962-06-26
426,Dunstan,Guy,dguybt@typepad.com,Male,Indonesia,chron.com,1966-06-18
427,Rianon,Brymner,rbrymnerbu@prweb.com,Female,Albania,goo.ne.jp,1989-03-08
428,Cornelle,Losemann,closemannbv@disqus.com,Female,China,delicious.com,1984-08-26
429,Ruth,Davidovitch,rdavidovitchbw@chicagotribune.com,Female,Malaysia,geocities.jp,2021-01-19
430,Dionis,Fydoe,dfydoebx@zimbio.com,Female,Palestinian Territory,t-online.de,2012-04-19
431,Jaimie,Rumbelow,jrumbelowby@biblegateway.com,Male,Indonesia,intel.com,1991-03-31
432,Debor,Laffan,dlaffanbz@smugmug.com,Female,United States,china.com.cn,1973-04-01
433,Abby,Rohlfs,arohlfsc0@joomla.org,Male,Palestinian Territory,biblegateway.com,1947-08-04
434,Virginie,Gait,vgaitc1@purevolume.com,Female,Nepal,msn.com,1990-08-04
435,Astrix,Blowers,ablowersc2@wufoo.com,Agender,Madagascar,sbwire.com,1995-10-01
436,Nollie,Hepher,nhepherc3@bravesites.com,Male,Poland,wisc.edu,1979-09-29
437,Kikelia,Alliband,kallibandc4@gnu.org,Bigender,China,sohu.com,1961-11-07
438,Rosina,Sunshine,rsunshinec5@virginia.edu,Female,Indonesia,miitbeian.gov.cn,1941-01-20
439,Teador,Gwin,tgwinc6@lycos.com,Male,Yemen,usa.gov,1968-08-29
440,Lorene,Blackmore,lblackmorec7@samsung.com,Female,China,dyndns.org,1978-11-19
441,Hailey,Medling,hmedlingc8@zimbio.com,Male,China,godaddy.com,2007-07-08
442,Patricio,Ballefant,pballefantc9@si.edu,Male,China,imageshack.us,1933-06-27
443,Diannne,Bacup,dbacupca@youtube.com,Female,Sweden,google.co.uk,1958-06-16
444,Winonah,Boss,wbosscb@howstuffworks.com,Female,Czech Republic,chicagotribune.com,1997-12-11
445,Noah,Sandon,nsandoncc@amazon.com,Male,China,mapquest.com,1956-09-26
446,Ronny,Chetwind,rchetwindcd@oaic.gov.au,Female,Philippines,guardian.co.uk,1987-11-16
447,Grete,Nunan,gnunance@sogou.com,Female,Brazil,nasa.gov,1940-04-18
448,Archy,Resdale,aresdalecf@independent.co.uk,Male,Indonesia,zdnet.com,2009-05-12
449,Lydia,Kalewe,lkalewecg@ehow.com,Female,Thailand,facebook.com,1940-08-10
450,Marilin,Woolis,mwoolisch@upenn.edu,Female,Argentina,scribd.com,1946-07-30
451,Chadwick,Roomes,croomesci@ft.com,Male,Philippines,meetup.com,1952-06-16
452,Hildy,Featherstone,hfeatherstonecj@guardian.co.uk,Female,Russia,usda.gov,1997-02-06
453,Waldemar,Bastow,wbastowck@alexa.com,Male,Azerbaijan,businessweek.com,1949-12-06
454,Kennie,Esslement,kesslementcl@youtu.be,Male,United States,discovery.com,1956-11-09
455,Siffre,Linnock,slinnockcm@sphinn.com,Male,France,arizona.edu,1948-12-10
456,Abagael,Sends,asendscn@furl.net,Female,Mali,hatena.ne.jp,1986-04-23
457,Simonne,Norley,snorleyco@ucoz.ru,Female,New Zealand,yahoo.co.jp,2017-07-11
458,Beaufort,Dumingos,bdumingoscp@ezinearticles.com,Male,Czech Republic,squidoo.com,1989-02-02
459,Buddie,Cracie,bcraciecq@reddit.com,Male,Kenya,ow.ly,1959-07-03
460,Stephani,Snazle,ssnazlecr@csmonitor.com,Female,China,ftc.gov,1950-07-12
461,Loralee,Klossmann,lklossmanncs@census.gov,Female,Belarus,pagesperso-orange.fr,1964-01-29
462,Tori,Abbay,tabbayct@bigcartel.com,Female,Georgia,privacy.gov.au,1963-07-31
463,Stanfield,Willshaw,swillshawcu@yellowpages.com,Male,Indonesia,angelfire.com,2022-11-06
464,Donnell,Hackey,dhackeycv@cornell.edu,Male,Indonesia,yahoo.co.jp,2019-12-21
465,Shelia,Goodban,sgoodbancw@shinystat.com,Female,Sweden,1688.com,2014-10-20
466,Sid,Skelhorne,sskelhornecx@infoseek.co.jp,Male,Spain,illinois.edu,1990-07-15
467,Stanislaw,Matthis,smatthiscy@issuu.com,Male,China,i2i.jp,1950-01-29
468,Tom,Dunlop,tdunlopcz@google.ca,Male,China,feedburner.com,2011-02-10
469,Petunia,Witton,pwittond0@reference.com,Female,Indonesia,bravesites.com,1933-03-05
470,Aliza,Whye,awhyed1@sina.com.cn,Female,China,goo.gl,1972-11-15
471,Omero,Laurisch,olaurischd2@e-recht24.de,Male,Madagascar,spiegel.de,2006-12-10
472,Archibald,Blumson,ablumsond3@hhs.gov,Male,Russia,themeforest.net,1936-04-18
473,Mari,Labdon,mlabdond4@narod.ru,Female,China,ebay.com,1932-05-24
474,Kathye,Charteris,kcharterisd5@trellian.com,Female,Kazakhstan,mapy.cz,1995-01-01
475,Claudio,Balma,cbalmad6@livejournal.com,Agender,Philippines,cocolog-nifty.com,2008-08-20
476,Ram,Storch,rstorchd7@ted.com,Male,China,slate.com,1996-08-01
477,Joel,Delmonti,jdelmontid8@wordpress.com,Male,China,census.gov,1975-11-19
478,Price,Woodger,pwoodgerd9@home.pl,Male,Greece,berkeley.edu,1994-08-29
479,Sheridan,Geyton,sgeytonda@squidoo.com,Male,Philippines,google.com,1944-08-20
480,Giordano,Dudliston,gdudlistondb@etsy.com,Male,Netherlands,slideshare.net,1944-02-27
481,Shurwood,Blaxeland,sblaxelanddc@prlog.org,Genderqueer,China,loc.gov,1980-06-26
482,Darice,Paffley,dpaffleydd@facebook.com,Female,South Africa,hostgator.com,2021-06-18
483,Keenan,Akister,kakisterde@wiley.com,Male,Portugal,blogtalkradio.com,2019-05-04
484,Bernadina,Semmence,bsemmencedf@theguardian.com,Female,Nigeria,mac.com,1976-06-17
485,Francisca,Jimenez,fjimenezdg@ebay.co.uk,Female,Indonesia,seattletimes.com,1983-01-13
486,Bondon,Bachura,bbachuradh@dagondesign.com,Male,Niger,microsoft.com,1931-04-19
487,Towny,Antoney,tantoneydi@blogtalkradio.com,Male,North Korea,foxnews.com,2016-01-25
488,Adelle,Castano,acastanodj@typepad.com,Non-binary,Uzbekistan,java.com,2012-10-06
489,Mandie,Arnow,marnowdk@seesaa.net,Agender,Indonesia,sitemeter.com,1937-09-23
490,Gav,Shepstone,gshepstonedl@creativecommons.org,Agender,Mexico,netlog.com,1956-06-25
491,Page,McGiveen,pmcgiveendm@feedburner.com,Male,Portugal,google.cn,1940-03-25
492,Jon,Devanney,jdevanneydn@google.pl,Male,Bulgaria,dell.com,2017-05-08
493,Waly,Verling,wverlingdo@usda.gov,Female,Russia,hao123.com,1950-10-16
494,Ros,Drexel,rdrexeldp@chron.com,Female,Finland,amazon.co.uk,1973-01-03
495,Ronalda,Clout,rcloutdq@bravesites.com,Female,China,google.com.br,1964-08-13
496,Federica,Connolly,fconnollydr@cdbaby.com,Female,China,mediafire.com,1986-10-04
497,Maxine,Armin,marminds@bloglovin.com,Female,Paraguay,nba.com,1978-04-15
498,Adele,Sturney,asturneydt@house.gov,Female,China,nymag.com,2007-11-11
499,Elianore,Outram,eoutramdu@last.fm,Female,Brazil,ebay.com,1964-12-09
500,Norbert,Windas,nwindasdv@google.co.jp,Agender,Peru,wired.com,1938-05-30
501,Julie,Portman,jportmandw@facebook.com,Female,Canada,census.gov,1962-08-07
502,Caesar,Meriott,cmeriottdx@sbwire.com,Male,Denmark,oracle.com,1971-10-01
503,Brittani,Caser,bcaserdy@dailymotion.com,Female,China,mayoclinic.com,1933-09-26
504,Herculie,Wolfer,hwolferdz@google.com,Male,Gambia,ted.com,1935-05-07
505,Netti,MacAindreis,nmacaindreise0@shareasale.com,Female,Indonesia,answers.com,2021-12-10
506,Almire,Raw,arawe1@boston.com,Female,China,accuweather.com,1975-09-09
507,Bernadene,Youens,byouense2@yolasite.com,Female,China,springer.com,1985-12-31
508,Melony,Cleator,mcleatore3@t.co,Female,Peru,bloglines.com,1976-06-03
509,Gwenneth,Crannell,gcrannelle4@usa.gov,Female,Niger,netscape.com,1938-09-04
510,Toddie,Bilovus,tbilovuse5@youtu.be,Male,Serbia,biblegateway.com,1975-10-14
511,Allx,Abrahamoff,aabrahamoffe6@google.co.uk,Bigender,Philippines,symantec.com,2004-11-23
512,Say,Harbertson,sharbertsone7@apple.com,Male,United States,prlog.org,1947-05-15
513,Oren,MacGorman,omacgormane8@cnet.com,Male,Czech Republic,slate.com,1932-01-16
514,Maitilde,Brookes,mbrookese9@cbc.ca,Female,Philippines,ask.com,1945-10-09
515,Leeann,Huggin,lhugginea@t-online.de,Female,Indonesia,bbb.org,2002-10-07
516,Fremont,Bellow,fbelloweb@census.gov,Male,Morocco,shutterfly.com,2005-07-16
517,Lewes,Burgoyne,lburgoyneec@photobucket.com,Male,Canada,etsy.com,1934-05-28
518,Roley,Brandt,rbrandted@hibu.com,Male,Indonesia,tmall.com,1947-03-09
519,Osbourne,Mainz,omainzee@ucoz.com,Male,Japan,studiopress.com,1958-05-09
520,Thelma,Wightman,twightmanef@cornell.edu,Female,Indonesia,zimbio.com,2016-03-31
521,Miguel,Jaggard,mjaggardeg@vistaprint.com,Male,Peru,msn.com,1937-05-15
522,Joell,Erwin,jerwineh@examiner.com,Female,Thailand,wordpress.org,2003-03-01
523,Lucretia,Tootin,ltootinei@theatlantic.com,Female,Malaysia,moonfruit.com,1952-01-15
524,Sander,Dalgarno,sdalgarnoej@ucla.edu,Male,Norway,plala.or.jp,2010-01-01
525,Laurena,Wethered,lwetheredek@seesaa.net,Bigender,Indonesia,dyndns.org,1932-06-09
526,Sibley,Lodewick,slodewickel@etsy.com,Female,China,amazon.co.jp,1992-01-07
527,Wilma,Simonnot,wsimonnotem@slashdot.org,Female,Indonesia,hubpages.com,1979-06-06
528,Beverley,Boutell,bboutellen@salon.com,Female,China,cam.ac.uk,1994-03-06
529,Fritz,Meadmore,fmeadmoreeo@indiegogo.com,Male,South Korea,virginia.edu,2022-06-19
530,Mill,Segebrecht,msegebrechtep@diigo.com,Male,Ivory Coast,twitter.com,1992-09-28
531,Laureen,Kennerknecht,lkennerknechteq@edublogs.org,Female,Vanuatu,fc2.com,1976-11-06
532,Costa,Ickeringill,cickeringiller@feedburner.com,Male,Canada,forbes.com,1953-05-04
533,Ernesto,Bhar,ebhares@opensource.org,Male,Morocco,shinystat.com,1952-05-04
534,Rollins,Aston,rastonet@so-net.ne.jp,Bigender,Czech Republic,phpbb.com,2011-10-10
535,Siegfried,Mattisssen,smattissseneu@imgur.com,Male,Ghana,home.pl,1939-02-07
536,Alastair,Nolda,anoldaev@unblog.fr,Male,China,nbcnews.com,1955-01-09
537,Dill,Gabbitus,dgabbitusew@wisc.edu,Bigender,Philippines,photobucket.com,1940-07-30
538,Morlee,Parkhouse,mparkhouseex@archive.org,Male,Philippines,nih.gov,1936-08-12
539,Dario,Godson,dgodsoney@gmpg.org,Male,Czech Republic,xrea.com,1983-12-03
540,Collette,Gullam,cgullamez@phoca.cz,Female,Indonesia,examiner.com,2019-08-14
541,Lisa,Showell,lshowellf0@shop-pro.jp,Female,Slovenia,whitehouse.gov,1976-07-13
542,Maddie,Kilby,mkilbyf1@shutterfly.com,Male,China,cocolog-nifty.com,2008-11-09
543,Michelle,Jerdan,mjerdanf2@loc.gov,Female,Argentina,ed.gov,1997-04-18
544,Alfi,Presho,apreshof3@latimes.com,Female,Yemen,jalbum.net,2004-04-10
545,Nial,Freezer,nfreezerf4@uiuc.edu,Male,Greece,opensource.org,1957-01-29
546,Sollie,Bynert,sbynertf5@earthlink.net,Male,Russia,army.mil,1951-08-26
547,Llewellyn,Crut,lcrutf6@facebook.com,Male,Zambia,stumbleupon.com,1951-01-15
548,Hi,Risson,hrissonf7@newsvine.com,Male,Peru,technorati.com,1989-10-20
549,Karel,Stolze,kstolzef8@ebay.co.uk,Male,Indonesia,jimdo.com,1949-05-25
550,Blondie,Tait,btaitf9@ucoz.com,Female,China,woothemes.com,1988-12-29
551,Berkie,Fessler,bfesslerfa@ca.gov,Male,China,istockphoto.com,1955-08-16
552,Alexander,Fairlamb,afairlambfb@over-blog.com,Male,China,huffingtonpost.com,2006-08-10
553,Ric,Roderick,rroderickfc@infoseek.co.jp,Male,Indonesia,cnn.com,1982-05-20
554,Alvie,Bewshire,abewshirefd@posterous.com,Male,Indonesia,kickstarter.com,1937-01-23
555,Daryl,McKoy,dmckoyfe@cnn.com,Male,Brazil,nydailynews.com,2012-09-15
556,Babette,Embling,bemblingff@weebly.com,Female,China,fastcompany.com,1988-11-04
557,Willard,Cranmor,wcranmorfg@angelfire.com,Male,Greece,ifeng.com,2011-06-15
558,Cross,Weber,cweberfh@ocn.ne.jp,Male,China,is.gd,2018-02-01
559,Eunice,Howe,ehowefi@china.com.cn,Female,Guatemala,archive.org,1995-07-06
560,Marven,Duckels,mduckelsfj@stanford.edu,Male,Indonesia,ftc.gov,2000-08-20
561,Konstantin,Farndon,kfarndonfk@apache.org,Male,China,feedburner.com,2009-04-14
562,Kerrill,Greest,kgreestfl@twitpic.com,Female,Sweden,intel.com,1965-03-15
563,Raynor,Mapplebeck,rmapplebeckfm@rakuten.co.jp,Male,Indonesia,cnbc.com,1969-06-27
564,Ali,Marques,amarquesfn@ebay.com,Female,Brazil,mapquest.com,1933-11-20
565,Jessa,Currington,jcurringtonfo@i2i.jp,Female,Philippines,livejournal.com,1933-08-27
566,Archie,Acton,aactonfp@nifty.com,Male,Iran,mlb.com,1987-12-30
567,Andy,Trees,atreesfq@baidu.com,Female,Indonesia,sourceforge.net,1999-09-14
568,Hendrick,Ohanessian,hohanessianfr@usda.gov,Male,China,so-net.ne.jp,1961-07-31
569,Randolf,Minocchi,rminocchifs@weebly.com,Male,Mexico,wix.com,1961-06-27
570,Rollie,Legan,rleganft@msn.com,Male,Germany,wunderground.com,1934-10-11
571,Claudina,Aleksankin,caleksankinfu@alibaba.com,Female,China,cbc.ca,1992-03-10
572,Reggie,Ragot,rragotfv@yellowpages.com,Male,United States,cdc.gov,1959-11-06
573,Siward,Bazelle,sbazellefw@wiley.com,Male,Japan,infoseek.co.jp,1952-04-01
574,Orelia,Prozescky,oprozesckyfx@twitter.com,Bigender,China,cocolog-nifty.com,1999-08-07
575,Etheline,Scandred,escandredfy@skype.com,Female,China,nymag.com,1977-05-09
576,Ariel,Adamo,aadamofz@independent.co.uk,Non-binary,Brazil,wix.com,2011-02-28
577,Allyce,Mustill,amustillg0@zimbio.com,Female,Argentina,telegraph.co.uk,2007-05-17
578,Catriona,Cuel,ccuelg1@ucsd.edu,Female,China,oakley.com,1983-05-05
579,Kyrstin,Willoughby,kwilloughbyg2@chronoengine.com,Female,United States,sun.com,1953-09-21
580,Ferrel,Aireton,fairetong3@umich.edu,Male,China,cbsnews.com,2001-12-14
581,Skippie,Bussons,sbussonsg4@whitehouse.gov,Male,Portugal,hexun.com,1973-07-28
582,Nissa,Falvey,nfalveyg5@delicious.com,Female,China,nih.gov,1948-02-23
583,Demetria,Bromont,dbromontg6@trellian.com,Female,Ukraine,umn.edu,2014-06-05
584,Lurleen,Di Ruggero,ldiruggerog7@dropbox.com,Non-binary,Nepal,furl.net,1983-10-03
585,Powell,Lucock,plucockg8@springer.com,Male,South Korea,webs.com,1997-07-30
586,Nicko,Spuffard,nspuffardg9@craigslist.org,Male,Russia,weather.com,1994-11-28
587,Marybelle,Syde,msydega@nih.gov,Female,Indonesia,ustream.tv,1961-02-02
588,Worthy,Nestle,wnestlegb@studiopress.com,Male,Brazil,i2i.jp,2009-10-06
589,Hanson,Costelloe,hcostelloegc@yahoo.co.jp,Male,Brazil,youku.com,1964-07-03
590,Roze,Grayling,rgraylinggd@umn.edu,Female,Belarus,squidoo.com,2021-08-20
591,Adah,Radborn,aradbornge@cpanel.net,Female,Brazil,marriott.com,1957-06-09
592,Morty,Figger,mfiggergf@altervista.org,Genderfluid,Indonesia,noaa.gov,1951-07-17
593,Kennith,Kliner,kklinergg@zdnet.com,Male,China,prnewswire.com,2014-01-16
594,Janka,Dorken,jdorkengh@earthlink.net,Female,Philippines,independent.co.uk,1987-03-17
595,Clerc,Ragless,craglessgi@wiley.com,Male,Indonesia,privacy.gov.au,1970-08-29
596,Romonda,McElhargy,rmcelhargygj@illinois.edu,Female,Peru,scientificamerican.com,2015-03-06
597,Ekaterina,Rottger,erottgergk@canalblog.com,Female,Portugal,paypal.com,1939-12-25
598,Dehlia,Sunnex,dsunnexgl@ning.com,Female,Serbia,goodreads.com,1993-10-28
599,Gusty,Ville,gvillegm@angelfire.com,Female,Thailand,gov.uk,1971-05-17
600,Lorry,Howie,lhowiegn@bloglovin.com,Male,Indonesia,chicagotribune.com,1958-06-11
601,De witt,Petworth,dpetworthgo@livejournal.com,Male,China,mtv.com,2017-06-16
602,Cash,Megahey,cmegaheygp@vk.com,Male,Russia,gizmodo.com,1996-03-26
603,Guido,Speed,gspeedgq@cyberchimps.com,Male,South Korea,hatena.ne.jp,1942-10-31
604,Geri,Mewitt,gmewittgr@goo.ne.jp,Male,Chile,theguardian.com,1971-11-12
605,Shermy,Garthside,sgarthsidegs@opera.com,Male,Brazil,list-manage.com,1971-05-15
606,Mikkel,Eich,meichgt@unesco.org,Male,Ukraine,vinaora.com,2001-10-29
607,Huberto,Jenoure,hjenouregu@shareasale.com,Agender,Mongolia,t-online.de,1989-12-17
608,Shirl,Elwell,selwellgv@wordpress.com,Female,Mexico,epa.gov,1976-07-15
609,Priscella,Whitehorne,pwhitehornegw@chicagotribune.com,Female,Angola,addtoany.com,1941-10-25
610,Nerta,Pedrielli,npedrielligx@ca.gov,Female,China,tinypic.com,1945-01-16
611,Isak,Cumine,icuminegy@telegraph.co.uk,Male,China,usda.gov,2008-02-05
612,Sofia,Aron,sarongz@ning.com,Female,Cameroon,netvibes.com,1971-09-10
613,El,Schumacher,eschumacherh0@nymag.com,Non-binary,Uzbekistan,addtoany.com,1980-12-26
614,Bonnie,Gilhouley,bgilhouleyh1@printfriendly.com,Female,Indonesia,utexas.edu,1934-04-21
615,Glen,Courtese,gcourteseh2@nih.gov,Male,Brazil,un.org,2013-12-01
616,Wye,Copestake,wcopestakeh3@bloomberg.com,Male,Sweden,indiatimes.com,1981-07-26
617,Olive,Capstick,ocapstickh4@soundcloud.com,Female,Mexico,woothemes.com,1943-10-19
618,Vail,Aurelius,vaureliush5@whitehouse.gov,Male,Philippines,github.io,1932-12-09
619,Lula,Laxen,llaxenh6@domainmarket.com,Female,Portugal,arizona.edu,1955-05-09
620,Mariam,Charrisson,mcharrissonh7@java.com,Female,Sweden,disqus.com,1932-09-09
621,Tammy,Baptie,tbaptieh8@topsy.com,Agender,Pakistan,ca.gov,1980-01-06
622,Avis,MacCostigan,amaccostiganh9@yellowbook.com,Female,Peru,dot.gov,2017-12-09
623,Lorie,Kleiner,lkleinerha@apache.org,Female,China,i2i.jp,1934-10-23
624,Far,Bonelle,fbonellehb@marriott.com,Male,South Africa,exblog.jp,1995-12-23
625,Lucine,Haselden,lhaseldenhc@usatoday.com,Female,Canada,harvard.edu,1987-04-18
626,Romeo,Pauler,rpaulerhd@netscape.com,Polygender,Poland,hibu.com,1985-05-17
627,Bern,Renzini,brenzinihe@bloomberg.com,Male,Nicaragua,marriott.com,1941-09-25
628,Zulema,Matthaus,zmatthaushf@google.cn,Female,Philippines,flavors.me,2016-09-22
629,Betsey,Leathe,bleathehg@nsw.gov.au,Female,Peru,businesswire.com,1955-06-09
630,Lorrie,Fetherston,lfetherstonhh@cnn.com,Male,Argentina,gmpg.org,1999-07-08
631,Kath,Saurin,ksaurinhi@yellowpages.com,Female,Kazakhstan,nasa.gov,2011-09-03
632,Evvy,Gobbet,egobbethj@squarespace.com,Genderfluid,Brazil,kickstarter.com,2010-09-27
633,Tine,Rapper,trapperhk@msn.com,Female,Poland,pagesperso-orange.fr,1938-02-19
634,Cari,Tomich,ctomichhl@cornell.edu,Female,Indonesia,bigcartel.com,1951-01-23
635,Nickolas,Blatchford,nblatchfordhm@booking.com,Male,China,geocities.jp,1996-10-08
636,Gar,Pickvance,gpickvancehn@go.com,Male,Dominican Republic,jugem.jp,1949-06-25
637,Andonis,Rattrie,arattrieho@bravesites.com,Male,Israel,tmall.com,2021-06-26
638,Averil,Scarlet,ascarlethp@purevolume.com,Female,China,icq.com,2011-11-14
639,Ker,Quaintance,kquaintancehq@examiner.com,Male,China,sun.com,1971-05-26
640,Philippine,Simonich,psimonichhr@google.ru,Female,Mayotte,si.edu,2008-01-28
641,Gaultiero,Gilroy,ggilroyhs@goo.ne.jp,Genderfluid,Finland,vinaora.com,1959-08-09
642,Guglielma,Nathon,gnathonht@paginegialle.it,Female,Yemen,issuu.com,1969-04-07
643,Beverlee,Haslam,bhaslamhu@livejournal.com,Female,Tajikistan,nature.com,1961-12-08
644,Claudetta,Terris,cterrishv@purevolume.com,Female,Thailand,sohu.com,1949-10-31
645,Waylon,Sargant,wsarganthw@alibaba.com,Male,United States,yandex.ru,1933-04-17
646,Elaina,Barthorpe,ebarthorpehx@sitemeter.com,Polygender,United States,printfriendly.com,1947-12-24
647,Chloette,Asaaf,casaafhy@paypal.com,Female,Poland,bloglines.com,1947-09-12
648,Brandi,Almack,balmackhz@bravesites.com,Female,China,army.mil,2008-10-12
649,Gale,Devenny,gdevennyi0@printfriendly.com,Female,Brazil,bloglovin.com,1940-09-28
650,Chev,Oldman,coldmani1@rakuten.co.jp,Male,Russia,forbes.com,2023-07-26
651,Jess,Dall,jdalli2@google.co.jp,Female,Philippines,umn.edu,1931-08-13
652,Toddy,Lacy,tlacyi3@uiuc.edu,Male,Japan,soundcloud.com,1979-06-17
653,Pauletta,Yesinin,pyesinini4@webnode.com,Female,Dominican Republic,vinaora.com,1979-11-18
654,Gabbie,Klimshuk,gklimshuki5@flavors.me,Female,Norway,paypal.com,1994-12-27
655,Dee,Myall,dmyalli6@chron.com,Female,China,scientificamerican.com,2008-02-23
656,Wilma,Mitie,wmitiei7@hostgator.com,Female,China,cam.ac.uk,1961-08-03
657,Kata,Yokel,kyokeli8@flavors.me,Female,Philippines,cnet.com,1963-05-24
658,Don,McFeat,dmcfeati9@cornell.edu,Male,Poland,merriam-webster.com,1976-03-10
659,Abe,Playdon,aplaydonia@mlb.com,Male,Iran,columbia.edu,1998-09-14
660,Adey,Badland,abadlandib@ocn.ne.jp,Genderfluid,China,angelfire.com,1970-08-20
661,Karlan,Middleton,kmiddletonic@opera.com,Male,Russia,sogou.com,2023-05-11
662,Chloe,Bryns,cbrynsid@themeforest.net,Female,Serbia,newyorker.com,1940-04-02
663,Benjy,Scolts,bscoltsie@alexa.com,Male,Indonesia,google.pl,1944-02-08
664,Randi,Eates,reatesif@upenn.edu,Male,Poland,uiuc.edu,1968-03-25
665,Tommie,Clohessy,tclohessyig@jiathis.com,Male,Russia,google.cn,1986-05-19
666,Dalis,Emor,demorih@soundcloud.com,Male,Peru,icq.com,2003-10-15
667,Alfy,Clewlow,aclewlowii@jiathis.com,Female,Namibia,symantec.com,1956-12-10
668,Brenn,Grieve,bgrieveij@bloglines.com,Female,Morocco,redcross.org,2006-01-13
669,Hoebart,Hudson,hhudsonik@nbcnews.com,Male,China,europa.eu,2015-10-26
670,Wald,Gooding,wgoodingil@woothemes.com,Male,Russia,typepad.com,1950-07-22
671,Rocky,Earsman,rearsmanim@reddit.com,Male,Russia,economist.com,1943-07-05
672,Frank,Burhouse,fburhousein@home.pl,Female,France,wunderground.com,1971-06-13
673,Joellen,Kybert,jkybertio@fotki.com,Female,Japan,dot.gov,1972-01-02
674,Robinette,Di Biasio,rdibiasioip@last.fm,Female,Philippines,google.ru,2013-12-27
675,Waneta,Guerriero,wguerrieroiq@linkedin.com,Female,Indonesia,cmu.edu,2020-09-14
676,Didi,Precious,dpreciousir@va.gov,Female,Canada,adobe.com,1951-07-11
677,Marti,Conkie,mconkieis@wordpress.org,Female,Sweden,independent.co.uk,2019-06-11
678,Kayle,Baggallay,kbaggallayit@spiegel.de,Polygender,Germany,seesaa.net,1947-09-17
679,Trudy,Sherry,tsherryiu@ibm.com,Female,Indonesia,springer.com,1993-04-19
680,Bastian,Sorbie,bsorbieiv@cnn.com,Male,China,vimeo.com,1982-07-15
681,Cathrine,Spacie,cspacieiw@hhs.gov,Female,Indonesia,moonfruit.com,2005-05-04
682,Danit,Gages,dgagesix@unc.edu,Female,Czech Republic,alexa.com,2011-06-10
683,Shelton,Bromige,sbromigeiy@si.edu,Male,Indonesia,rambler.ru,2016-07-17
684,Kristofor,Pavlovsky,kpavlovskyiz@seattletimes.com,Male,Nauru,springer.com,2019-04-22
685,Fergus,Mulford,fmulfordj0@cargocollective.com,Male,Vietnam,amazon.de,1934-05-24
686,Hamish,Sampson,hsampsonj1@nba.com,Male,United States,indiegogo.com,1993-02-26
687,Mariquilla,Huddlestone,mhuddlestonej2@ucoz.ru,Female,China,behance.net,1942-09-09
688,Reginald,Mullen,rmullenj3@google.co.uk,Male,China,columbia.edu,1939-10-07
689,Germayne,Gianilli,ggianillij4@umn.edu,Male,Indonesia,huffingtonpost.com,1967-09-24
690,Darya,Boorn,dboornj5@yellowbook.com,Female,Madagascar,printfriendly.com,1970-09-12
691,Sibeal,Pardew,spardewj6@geocities.jp,Female,Russia,cafepress.com,1934-08-31
692,Alyss,Kynforth,akynforthj7@examiner.com,Female,Syria,admin.ch,1968-07-23
693,Marcellina,Fritchly,mfritchlyj8@irs.gov,Polygender,Russia,hubpages.com,1954-03-28
694,Merle,Rodell,mrodellj9@elpais.com,Female,Sweden,tumblr.com,1938-07-17
695,Herman,Try,htryja@list-manage.com,Polygender,Greece,msu.edu,1951-02-17
696,Petunia,Meadmore,pmeadmorejb@yelp.com,Female,Japan,blogtalkradio.com,1932-05-21
697,Kevina,Buckles,kbucklesjc@w3.org,Female,Peru,europa.eu,1998-12-02
698,Alexia,Geggus,ageggusjd@economist.com,Female,Netherlands,businessweek.com,1946-12-26
699,Dulce,Flindall,dflindallje@sourceforge.net,Female,Seychelles,springer.com,1974-06-03
700,Weylin,Chstney,wchstneyjf@blinklist.com,Male,China,ted.com,1985-06-08
701,Neron,Brennand,nbrennandjg@google.com.au,Male,Azerbaijan,cornell.edu,2001-12-17
702,Cobby,Cordeiro,ccordeirojh@about.me,Male,Poland,rediff.com,1981-05-19
703,Sydney,Ebhardt,sebhardtji@google.ca,Female,China,drupal.org,2003-02-20
704,Aggi,Rack,arackjj@microsoft.com,Female,Kazakhstan,comcast.net,1977-11-20
705,Caleb,Frediani,cfredianijk@themeforest.net,Male,Poland,usda.gov,1937-06-01
706,Hayden,Castro,hcastrojl@si.edu,Male,Russia,pagesperso-orange.fr,2001-11-13
707,Robinetta,Mee,rmeejm@alexa.com,Female,Sweden,wordpress.org,1972-08-09
708,Fredia,MacKeig,fmackeigjn@artisteer.com,Female,Argentina,newyorker.com,1944-01-06
709,Claudetta,Creser,ccreserjo@earthlink.net,Female,Indonesia,umich.edu,1977-01-29
710,Glynn,Upston,gupstonjp@hao123.com,Male,Indonesia,admin.ch,1980-09-12
711,Hayes,Tuvey,htuveyjq@ycombinator.com,Male,Brazil,nydailynews.com,1930-12-24
712,Naomi,Craddy,ncraddyjr@zdnet.com,Female,Azerbaijan,sourceforge.net,1989-10-14
713,Kele,Kenington,kkeningtonjs@constantcontact.com,Male,Sweden,chron.com,1996-12-24
714,Garrard,Matley,gmatleyjt@twitpic.com,Male,Indonesia,sohu.com,1944-11-26
715,Hamil,Coplestone,hcoplestoneju@examiner.com,Male,Greece,columbia.edu,1985-06-05
716,Kittie,Jurries,kjurriesjv@merriam-webster.com,Female,Russia,imageshack.us,1946-08-22
717,Robby,McCarroll,rmccarrolljw@yandex.ru,Male,Indonesia,java.com,1963-12-10
718,Dav,Heinzler,dheinzlerjx@slate.com,Male,Russia,ca.gov,1951-09-28
719,Sawyere,Borton,sbortonjy@who.int,Male,Portugal,msu.edu,1987-05-13
720,Bartlet,Pape,bpapejz@xing.com,Male,Peru,deviantart.com,1941-02-20
721,Clarisse,Rigolle,crigollek0@google.com.br,Female,Marshall Islands,imdb.com,2021-05-12
722,Grace,Angove,gangovek1@fc2.com,Female,Vietnam,1und1.de,1986-05-31
723,Gardiner,Tirrell,gtirrellk2@creativecommons.org,Male,Zambia,abc.net.au,2011-06-16
724,Lynne,Donegan,ldonegank3@opera.com,Female,Indonesia,chron.com,1974-01-09
725,Sayer,Truran,strurank4@icio.us,Male,Ukraine,tmall.com,1938-08-24
726,Johnnie,Rands,jrandsk5@fastcompany.com,Male,Poland,virginia.edu,1975-08-31
727,Linnie,Ranscome,lranscomek6@homestead.com,Female,China,t-online.de,1960-06-21
728,Cass,Cuming,ccumingk7@jugem.jp,Female,China,house.gov,1939-11-18
729,Lind,Fulleylove,lfulleylovek8@odnoklassniki.ru,Female,Indonesia,irs.gov,2015-01-30
730,Sayers,Craker,scrakerk9@sun.com,Male,Philippines,ca.gov,1975-06-04
731,Joelle,Antunes,jantuneska@huffingtonpost.com,Female,Indonesia,flavors.me,1933-12-08
732,Arline,Bachelor,abachelorkb@about.com,Female,China,ihg.com,1992-04-19
733,Barbie,Sacco,bsaccokc@chron.com,Female,Poland,fastcompany.com,1971-11-15
734,Brendin,Graysmark,bgraysmarkkd@edublogs.org,Male,Indonesia,bigcartel.com,1941-03-14
735,Maude,McGuigan,mmcguiganke@barnesandnoble.com,Female,Indonesia,freewebs.com,1999-12-23
736,Elly,Narraway,enarrawaykf@vimeo.com,Female,San Marino,dailymotion.com,1956-11-06
737,Sheilah,Salmoni,ssalmonikg@nytimes.com,Polygender,Indonesia,de.vu,1964-05-01
738,Ernie,Baylay,ebaylaykh@omniture.com,Male,Greece,oakley.com,1962-07-04
739,Teodorico,Waycot,twaycotki@wikispaces.com,Male,Russia,tmall.com,2000-08-19
740,Hilda,Malins,hmalinskj@dailymail.co.uk,Female,Ireland,nsw.gov.au,1945-10-07
741,Thomasa,Giercke,tgierckekk@smugmug.com,Female,China,cyberchimps.com,1966-06-17
742,Orson,Dolman,odolmankl@meetup.com,Polygender,China,storify.com,1996-03-20
743,Wilow,Yukhnov,wyukhnovkm@wikimedia.org,Female,China,stumbleupon.com,1961-07-26
744,Torrie,Tewkesberrie,ttewkesberriekn@angelfire.com,Female,Finland,statcounter.com,1991-08-11
745,Korrie,Hugnin,khugninko@t-online.de,Female,Portugal,cafepress.com,1948-09-26
746,Harold,Vautin,hvautinkp@gmpg.org,Male,Colombia,tamu.edu,1940-10-22
747,Louise,McCreery,lmccreerykq@google.com,Female,Argentina,ovh.net,2023-07-09
748,Gertrud,Rapier,grapierkr@studiopress.com,Agender,Morocco,plala.or.jp,1988-05-02
749,Terrill,Cozins,tcozinsks@sphinn.com,Male,China,gmpg.org,1973-05-13
750,Marion,Fanner,mfannerkt@yellowpages.com,Male,Argentina,elegantthemes.com,1969-05-16
751,Rustie,Ryam,rryamku@istockphoto.com,Male,Indonesia,army.mil,1966-04-04
752,Bard,Quinnette,bquinnettekv@canalblog.com,Male,Peru,twitpic.com,1954-11-13
753,Ninette,Ternott,nternottkw@huffingtonpost.com,Female,China,wsj.com,1940-09-13
754,Mendie,Shackel,mshackelkx@boston.com,Male,Belarus,nytimes.com,1985-07-25
755,Hewett,Abba,habbaky@blogger.com,Male,China,si.edu,1949-05-03
756,Massimo,Apperley,mapperleykz@kickstarter.com,Male,Portugal,irs.gov,1937-02-01
757,Moises,Ovise,movisel0@indiegogo.com,Male,Germany,about.com,1950-01-12
758,Hilliary,Willeson,hwillesonl1@imgur.com,Female,China,tiny.cc,1941-03-13
759,Ermin,Trinkwon,etrinkwonl2@geocities.com,Male,United States,dmoz.org,2017-04-21
760,Salome,Mountcastle,smountcastlel3@qq.com,Female,Indonesia,oracle.com,1933-05-01
761,Martie,Bucky,mbuckyl4@usgs.gov,Female,United States,sciencedirect.com,2017-05-17
762,Flint,Sommerscales,fsommerscalesl5@merriam-webster.com,Male,Kenya,archive.org,1939-10-05
763,Melinde,Ginnelly,mginnellyl6@mayoclinic.com,Genderqueer,China,un.org,1948-01-28
764,Jorge,Spitell,jspitelll7@arstechnica.com,Male,Indonesia,wikia.com,1984-09-12
765,Vicki,Patullo,vpatullol8@zimbio.com,Female,Russia,paypal.com,1963-09-09
766,Kipp,Bernardes,kbernardesl9@cocolog-nifty.com,Female,Somalia,oracle.com,1990-06-20
767,Syd,Fordyce,sfordycela@accuweather.com,Male,Indonesia,illinois.edu,1969-10-15
768,Tommy,Parzis,tparzislb@canalblog.com,Male,Indonesia,mysql.com,1943-10-30
769,Roanne,Pound,rpoundlc@angelfire.com,Female,Belarus,360.cn,1943-10-25
770,Ilario,Hundall,ihundallld@newyorker.com,Male,South Africa,sakura.ne.jp,1949-06-14
771,Susie,Caselli,scasellile@qq.com,Female,Russia,foxnews.com,1953-12-12
772,Andie,Curlis,acurlislf@psu.edu,Male,China,google.com.br,2005-04-05
773,Osgood,Tourne,otournelg@jalbum.net,Male,Indonesia,digg.com,1971-01-11
774,Jenda,Heeps,jheepslh@craigslist.org,Female,Ireland,issuu.com,2007-12-24
775,Dionis,Thickins,dthickinsli@answers.com,Female,Finland,icq.com,1999-03-24
776,Barbaraanne,Elsom,belsomlj@harvard.edu,Female,Morocco,mapy.cz,1988-02-12
777,Dayna,Devorill,ddevorilllk@forbes.com,Female,China,aboutads.info,2006-07-13
778,Diannne,Bowcock,dbowcockll@who.int,Female,France,patch.com,1934-06-22
779,Holt,O'Calleran,hocalleranlm@usda.gov,Male,Indonesia,dedecms.com,1965-05-05
780,Ulberto,Swainston,uswainstonln@who.int,Male,Oman,nasa.gov,1950-03-21
781,Berrie,Claridge,bclaridgelo@tmall.com,Female,Sweden,netlog.com,1937-10-06
782,Aliza,Luck,alucklp@chicagotribune.com,Female,Yemen,hexun.com,1976-08-12
783,Tildie,Seabridge,tseabridgelq@archive.org,Female,Greece,sfgate.com,1940-02-01
784,Morrie,Ghidini,mghidinilr@zdnet.com,Polygender,China,walmart.com,2023-11-16
785,Rebekah,Krojn,rkrojnls@chron.com,Genderqueer,China,drupal.org,1959-03-18
786,Gilburt,Trulock,gtrulocklt@wunderground.com,Male,Norway,arstechnica.com,1981-04-19
787,Edlin,Freear,efreearlu@reddit.com,Male,Russia,macromedia.com,1992-04-03
788,Tandie,Abela,tabelalv@mapquest.com,Female,Venezuela,usatoday.com,1949-11-12
789,Karney,Carlton,kcarltonlw@geocities.jp,Male,China,arizona.edu,1986-09-01
790,Lewiss,Shuter,lshuterlx@ibm.com,Male,Bulgaria,youtu.be,2001-12-13
791,Arnold,O'Hartagan,aohartaganly@shinystat.com,Male,Cuba,ucsd.edu,2003-08-26
792,Tracy,Jarratt,tjarrattlz@slideshare.net,Male,Russia,ibm.com,1980-03-23
793,Lilias,Aglione,laglionem0@zdnet.com,Female,Philippines,etsy.com,1980-12-15
794,Guthrey,Ruddlesden,gruddlesdenm1@ask.com,Male,Nigeria,photobucket.com,1973-06-14
795,Lane,Geram,lgeramm2@multiply.com,Female,Guatemala,who.int,1996-09-17
796,Domenico,Vogeler,dvogelerm3@bbb.org,Bigender,Portugal,apple.com,1953-03-03
797,Munroe,Careless,mcarelessm4@infoseek.co.jp,Polygender,China,seattletimes.com,1970-06-24
798,Troy,Feige,tfeigem5@typepad.com,Male,Russia,squidoo.com,1965-05-18
799,Rosalie,Renwick,rrenwickm6@yolasite.com,Female,Russia,dagondesign.com,1991-04-17
800,Clareta,Licari,clicarim7@mashable.com,Female,Chile,gov.uk,2017-05-06
801,Kendra,Pastor,kpastorm8@discuz.net,Female,Russia,dropbox.com,1940-05-16
802,Drucie,Saull,dsaullm9@rakuten.co.jp,Female,Russia,dedecms.com,1945-06-12
803,Lulita,Bowick,lbowickma@europa.eu,Non-binary,Saudi Arabia,infoseek.co.jp,1939-10-11
804,Shir,Canton,scantonmb@marriott.com,Female,Cook Islands,icq.com,1957-12-22
805,Roby,Wardingly,rwardinglymc@ca.gov,Female,Russia,reuters.com,1979-04-05
806,Ruthann,Greasley,rgreasleymd@phpbb.com,Female,China,tripadvisor.com,1982-06-01
807,Mischa,Hasnney,mhasnneyme@yahoo.co.jp,Male,Poland,house.gov,2000-06-18
808,Warner,Lenaghen,wlenaghenmf@globo.com,Male,Brazil,bandcamp.com,1952-09-27
809,Jeremias,Squibe,jsquibemg@techcrunch.com,Male,China,reddit.com,1943-08-11
810,Gracia,Rosin,grosinmh@ft.com,Female,Argentina,foxnews.com,1974-03-12
811,Rikki,Cutchie,rcutchiemi@tuttocitta.it,Male,United States,sbwire.com,1990-04-14
812,Obediah,Westmoreland,owestmorelandmj@cargocollective.com,Male,Vanuatu,hud.gov,1961-01-03
813,Babbie,Farfull,bfarfullmk@nps.gov,Female,Colombia,squidoo.com,1958-05-10
814,Kendal,Hellmer,khellmerml@thetimes.co.uk,Male,Russia,forbes.com,1973-02-08
815,Dyanne,Aitkin,daitkinmm@dion.ne.jp,Female,Greece,dedecms.com,1956-06-18
816,Frayda,Tambling,ftamblingmn@vkontakte.ru,Female,Russia,wikipedia.org,1940-02-20
817,Vitia,Vallantine,vvallantinemo@taobao.com,Female,Peru,wunderground.com,1955-01-08
818,Gennifer,Bennetts,gbennettsmp@jugem.jp,Female,Honduras,dmoz.org,1945-07-28
819,Virgilio,Peploe,vpeploemq@weather.com,Male,Russia,paypal.com,2002-06-11
820,Bert,Beavors,bbeavorsmr@sakura.ne.jp,Female,Brazil,princeton.edu,1951-05-24
821,Hi,Harland,hharlandms@edublogs.org,Male,Portugal,sciencedirect.com,1985-03-21
822,Sonja,Cowndley,scowndleymt@example.com,Female,China,webeden.co.uk,1940-06-29
823,Garald,Ferreo,gferreomu@comcast.net,Male,Croatia,scribd.com,1958-03-17
824,Quill,Brickner,qbricknermv@a8.net,Male,Brazil,weebly.com,1931-08-09
825,Oran,Redit,oreditmw@ca.gov,Male,Central African Republic,amazon.co.uk,1953-02-20
826,Sallee,Cuff,scuffmx@ted.com,Female,Sweden,shareasale.com,2014-02-11
827,Crystie,Zuanazzi,czuanazzimy@cdbaby.com,Female,Russia,cdc.gov,1950-08-17
828,Willy,McKeighen,wmckeighenmz@google.com.hk,Agender,Indonesia,51.la,2016-08-11
829,Anneliese,Commins,acomminsn0@uiuc.edu,Female,Thailand,hatena.ne.jp,1977-06-09
830,Rooney,Mayze,rmayzen1@hatena.ne.jp,Male,Russia,hc360.com,1993-03-01
831,Jourdan,Brigman,jbrigmann2@boston.com,Female,Thailand,wsj.com,1991-02-17
832,Haroun,Wyness,hwynessn3@aol.com,Male,Bosnia and Herzegovina,yahoo.com,1939-08-19
833,Chantal,Firk,cfirkn4@friendfeed.com,Female,Afghanistan,ifeng.com,1943-02-14
834,Hughie,Matthews,hmatthewsn5@paginegialle.it,Male,China,spotify.com,1937-11-30
835,Edd,Laurenz,elaurenzn6@elegantthemes.com,Male,Indonesia,bbb.org,2002-03-23
836,Sander,Philpot,sphilpotn7@canalblog.com,Male,China,indiegogo.com,2001-04-24
837,Antone,Labden,alabdenn8@un.org,Male,Greece,sakura.ne.jp,1997-12-22
838,Joyann,Thacker,jthackern9@umich.edu,Female,Indonesia,merriam-webster.com,1960-03-05
839,Frankie,Gritten,fgrittenna@flavors.me,Female,Sweden,unc.edu,2017-02-25
840,Desi,McMeanma,dmcmeanmanb@ocn.ne.jp,Male,Poland,soundcloud.com,1968-11-05
841,Valentine,Stemson,vstemsonnc@theguardian.com,Male,Ukraine,surveymonkey.com,1996-11-30
842,Marcella,Pattingson,mpattingsonnd@army.mil,Female,Indonesia,soup.io,1964-05-05
843,Fax,Kernocke,fkernockene@cocolog-nifty.com,Male,Gambia,archive.org,2017-02-02
844,Vernon,Reilingen,vreilingennf@xing.com,Male,Iran,walmart.com,2013-12-17
845,Bertrando,Harradine,bharradineng@dell.com,Male,Russia,bbc.co.uk,1993-02-16
846,Alika,Rattenberie,arattenberienh@pbs.org,Female,Russia,comcast.net,1944-09-17
847,Pearce,Pohlak,ppohlakni@skyrock.com,Male,Brazil,wunderground.com,1946-08-26
848,Pablo,Figin,pfiginnj@mac.com,Male,China,cbslocal.com,2019-01-26
849,Brandise,Drewes,bdrewesnk@sogou.com,Female,United States,yandex.ru,2005-03-31
850,Penn,Paddell,ppaddellnl@mail.ru,Polygender,Indonesia,weibo.com,2022-02-04
851,Borg,Morphey,bmorpheynm@about.me,Male,Sweden,sitemeter.com,2013-10-20
852,Gawain,Debrett,gdebrettnn@opensource.org,Genderqueer,China,state.tx.us,1981-05-12
853,Agnese,Cuckson,acucksonno@booking.com,Female,Canada,google.com.hk,1965-01-24
854,Cary,Sitford,csitfordnp@nature.com,Female,China,technorati.com,1954-08-24
855,Beitris,Loges,blogesnq@dropbox.com,Female,Sweden,bandcamp.com,2010-03-07
856,Stanley,Fettiplace,sfettiplacenr@goo.ne.jp,Male,Vietnam,google.com,1987-12-27
857,Querida,Manuel,qmanuelns@statcounter.com,Female,Ireland,ibm.com,1990-05-07
858,Wiatt,Vince,wvincent@google.com.hk,Male,Mali,unesco.org,2012-12-15
859,Francklin,Durkin,fdurkinnu@nhs.uk,Male,China,artisteer.com,1988-03-15
860,Arin,Loynton,aloyntonnv@abc.net.au,Male,Brazil,macromedia.com,2021-03-01
861,Jill,Rainbird,jrainbirdnw@sun.com,Female,Portugal,dropbox.com,1989-03-16
862,Mellisa,Edwick,medwicknx@list-manage.com,Agender,Sweden,fema.gov,1946-10-29
863,Bryn,Symes,bsymesny@tinyurl.com,Female,Finland,jimdo.com,2005-03-31
864,Dominica,Klammt,dklammtnz@addthis.com,Female,Russia,adobe.com,1934-12-14
865,Donella,Hatherleigh,dhatherleigho0@yale.edu,Female,Indonesia,themeforest.net,2008-03-11
866,Paul,Hulles,phulleso1@qq.com,Male,Thailand,wisc.edu,2005-09-01
867,Will,Rogger,wroggero2@umn.edu,Male,Portugal,t-online.de,1963-07-20
868,Cleveland,Marcombe,cmarcombeo3@networksolutions.com,Male,Philippines,weebly.com,1954-12-26
869,Bryanty,Paoloni,bpaolonio4@twitpic.com,Male,Mexico,newsvine.com,1996-06-24
870,Reube,Everit,reverito5@independent.co.uk,Male,Peru,sfgate.com,1946-03-05
871,Aliza,Copins,acopinso6@ca.gov,Genderfluid,Philippines,stanford.edu,1944-02-05
872,Parsifal,Feaveryear,pfeaveryearo7@wikia.com,Male,Russia,virginia.edu,1948-08-06
873,Hurleigh,Skae,hskaeo8@wired.com,Male,Poland,google.com,2018-01-15
874,Natalee,O'Siaghail,nosiaghailo9@blogs.com,Female,Egypt,etsy.com,1940-01-05
875,Fraze,Lalonde,flalondeoa@wp.com,Male,Palestinian Territory,sciencedaily.com,2012-09-19
876,Thorndike,Demanche,tdemancheob@dyndns.org,Male,Colombia,miitbeian.gov.cn,1983-03-06
877,Auroora,Worsham,aworshamoc@printfriendly.com,Female,Philippines,tumblr.com,2005-02-16
878,Paige,Woodyeare,pwoodyeareod@canalblog.com,Male,Japan,smh.com.au,2018-12-01
879,Luke,Darben,ldarbenoe@tinypic.com,Male,Australia,ocn.ne.jp,1987-07-13
880,Eamon,Dendle,edendleof@dailymail.co.uk,Male,Philippines,technorati.com,2014-04-05
881,Albie,Lattos,alattosog@newyorker.com,Male,Argentina,amazon.co.uk,2012-12-08
882,Rozalin,Clotworthy,rclotworthyoh@umich.edu,Female,Czech Republic,washington.edu,1947-02-02
883,Garrek,Banister,gbanisteroi@howstuffworks.com,Male,Malta,bloglovin.com,2009-02-11
884,Timothea,Doucette,tdoucetteoj@ed.gov,Female,Venezuela,angelfire.com,1948-10-03
885,Helge,MacNeish,hmacneishok@reference.com,Female,China,ezinearticles.com,2002-06-13
886,Brittani,Maurice,bmauriceol@theguardian.com,Female,Philippines,examiner.com,1985-06-30
887,Freddy,Grishankov,fgrishankovom@msu.edu,Male,Brazil,goo.ne.jp,1955-03-08
888,Crista,Tynnan,ctynnanon@nih.gov,Female,Russia,un.org,1973-12-21
889,Margie,Ambrosini,mambrosinioo@globo.com,Female,Portugal,prnewswire.com,1958-01-16
890,Shana,Tewkesbury.,stewkesburyop@dell.com,Female,Finland,eventbrite.com,1964-08-15
891,Avram,Francke,afranckeoq@sakura.ne.jp,Male,Sweden,yolasite.com,2013-06-09
892,Moshe,Cucinotta,mcucinottaor@examiner.com,Male,Indonesia,goo.gl,1993-04-30
893,Hugh,Wixey,hwixeyos@constantcontact.com,Male,China,ow.ly,1930-12-19
894,Joete,Cadwallader,jcadwalladerot@goo.ne.jp,Female,Indonesia,home.pl,2010-08-11
895,Sammy,Kimblen,skimblenou@sitemeter.com,Male,China,istockphoto.com,1977-09-17
896,Mahmud,Bosse,mbosseov@utexas.edu,Male,China,indiegogo.com,1965-12-27
897,Mirabel,Maffey,mmaffeyow@tmall.com,Female,Indonesia,ebay.co.uk,1979-08-26
898,Opalina,Izzard,oizzardox@umich.edu,Female,Palestinian Territory,ucoz.com,2013-04-18
899,Pier,Carrell,pcarrelloy@google.com,Female,Philippines,tiny.cc,1955-12-26
900,Jereme,Verrill,jverrilloz@1688.com,Male,Russia,simplemachines.org,2007-10-29
901,Bendicty,Ruckledge,bruckledgep0@weebly.com,Male,Philippines,hao123.com,1972-03-31
902,Ardelis,Croucher,acroucherp1@4shared.com,Female,Argentina,webeden.co.uk,1992-07-23
903,Seymour,McMeekin,smcmeekinp2@i2i.jp,Male,Vietnam,cloudflare.com,2021-07-18
904,Patsy,Tourot,ptourotp3@sun.com,Male,France,ebay.co.uk,1963-06-09
905,De witt,Prest,dprestp4@elpais.com,Male,Philippines,slideshare.net,1940-05-02
906,Gunar,Nineham,gninehamp5@ameblo.jp,Male,Russia,state.gov,1965-01-11
907,Adelle,Beathem,abeathemp6@csmonitor.com,Female,China,chicagotribune.com,1979-04-27
908,Grannie,Sprade,gspradep7@trellian.com,Male,Canada,ox.ac.uk,1965-03-28
909,Ynes,Bulled,ybulledp8@amazon.co.uk,Female,France,pagesperso-orange.fr,1981-03-09
910,Mariquilla,Endricci,mendriccip9@google.co.jp,Female,Peru,eventbrite.com,2022-09-25
911,Veriee,Di Nisco,vdiniscopa@ed.gov,Female,China,twitpic.com,1988-07-07
912,Leonelle,Ochterlonie,lochterloniepb@tiny.cc,Female,Tanzania,bbc.co.uk,1938-03-07
913,Brenna,Salaman,bsalamanpc@techcrunch.com,Female,Brazil,cbc.ca,1936-09-29
914,Feliks,Adey,fadeypd@360.cn,Male,Jordan,elpais.com,1963-12-17
915,Catie,Midgely,cmidgelype@cornell.edu,Female,Gambia,admin.ch,1956-08-14
916,Brody,Faldoe,bfaldoepf@theatlantic.com,Male,Pakistan,vistaprint.com,1962-02-15
917,Jana,Readett,jreadettpg@wp.com,Female,Russia,altervista.org,1976-08-08
918,Parke,Bollini,pbolliniph@yandex.ru,Male,Russia,biblegateway.com,2020-01-12
919,Barron,Pach,bpachpi@indiatimes.com,Male,Uruguay,reverbnation.com,1970-04-18
920,Lara,Pittam,lpittampj@posterous.com,Female,France,is.gd,2010-10-21
921,Maia,Padbury,mpadburypk@hubpages.com,Female,Indonesia,ted.com,2003-02-19
922,Deck,Wyant,dwyantpl@moonfruit.com,Male,Vietnam,berkeley.edu,2008-11-19
923,Loy,Janecek,ljanecekpm@cpanel.net,Male,Mauritania,etsy.com,1997-06-10
924,Nathaniel,Gasker,ngaskerpn@ca.gov,Male,Brazil,shinystat.com,1950-10-07
925,Genni,Haisell,ghaisellpo@google.ru,Female,Brazil,yellowpages.com,1954-08-18
926,Adeline,Mawdsley,amawdsleypp@reference.com,Female,Jamaica,wordpress.com,1996-11-23
927,Erick,Leeder,eleederpq@gmpg.org,Genderqueer,Nigeria,xrea.com,1969-02-26
928,Allianora,Nunnerley,anunnerleypr@oaic.gov.au,Female,France,opera.com,1954-09-04
929,Valry,Gurnett,vgurnettps@illinois.edu,Female,Palestinian Territory,fema.gov,1983-05-26
930,Sabine,Rosengarten,srosengartenpt@feedburner.com,Female,Ukraine,wisc.edu,1981-10-16
931,Dael,Gelderd,dgelderdpu@omniture.com,Female,Indonesia,hp.com,1931-12-23
932,Kelsey,Brookzie,kbrookziepv@columbia.edu,Genderfluid,Indonesia,taobao.com,2001-09-27
933,Karyl,Bennoe,kbennoepw@blinklist.com,Female,Sweden,ucoz.com,2019-04-16
934,Anetta,McGaugan,amcgauganpx@springer.com,Female,Sweden,washingtonpost.com,2014-10-24
935,Lula,Gatcliff,lgatcliffpy@ibm.com,Female,China,newsvine.com,1934-08-16
936,Micah,Bransby,mbransbypz@jigsy.com,Male,Russia,ustream.tv,1945-10-22
937,Elwin,Hawkings,ehawkingsq0@berkeley.edu,Male,China,smh.com.au,1997-05-06
938,Vally,Elies,veliesq1@mit.edu,Female,Peru,java.com,1940-09-21
939,Fay,Rodinger,frodingerq2@springer.com,Female,Sweden,pinterest.com,1935-04-19
940,Mercedes,Posselt,mposseltq3@oaic.gov.au,Female,Nigeria,army.mil,2014-07-05
941,Immanuel,Pherps,ipherpsq4@dedecms.com,Male,Thailand,nbcnews.com,1955-12-31
942,Thedrick,Slaughter,tslaughterq5@netlog.com,Male,China,jigsy.com,1974-06-29
943,George,Mablestone,gmablestoneq6@cocolog-nifty.com,Male,Russia,mac.com,1950-08-12
944,Lydon,Epperson,leppersonq7@paypal.com,Male,Paraguay,hud.gov,1995-08-31
945,Colan,Stoddart,cstoddartq8@sciencedaily.com,Male,China,nature.com,1953-08-25
946,Cart,Frie,cfrieq9@mac.com,Male,Russia,nsw.gov.au,1972-12-11
947,Clyde,Anthonies,canthoniesqa@guardian.co.uk,Male,Poland,twitpic.com,2013-11-05
948,Tiff,Ogden,togdenqb@goo.gl,Female,China,zimbio.com,2000-01-25
949,Reggy,Fassman,rfassmanqc@wisc.edu,Male,China,sciencedaily.com,1976-03-02
950,Shirl,Crystal,scrystalqd@unc.edu,Female,China,naver.com,1937-08-24
951,Armin,Davet,adavetqe@nps.gov,Male,France,berkeley.edu,1974-01-29
952,Aurel,Pollitt,apollittqf@npr.org,Female,Nigeria,is.gd,1992-12-30
953,Gussi,Jeanenet,gjeanenetqg@yolasite.com,Female,China,skype.com,2013-07-14
954,Lorilyn,Hubert,lhubertqh@telegraph.co.uk,Female,Germany,ask.com,1968-12-16
955,Amanda,Dalinder,adalinderqi@independent.co.uk,Female,Canada,weebly.com,1932-06-28
956,Gunther,Dunstone,gdunstoneqj@quantcast.com,Male,Portugal,odnoklassniki.ru,2000-03-01
957,Pru,Malyj,pmalyjqk@google.com.au,Female,Mexico,gmpg.org,2011-10-06
958,Magnum,Quarry,mquarryql@archive.org,Male,China,nature.com,1995-04-29
959,Tildie,Duggan,tdugganqm@edublogs.org,Female,Thailand,creativecommons.org,2000-06-13
960,Wendeline,Handyside,whandysideqn@microsoft.com,Female,Egypt,comsenz.com,1962-02-21
961,Maximilianus,Peyto,mpeytoqo@hc360.com,Male,Philippines,cnn.com,2007-10-01
962,Sianna,Pentecost,spentecostqp@blogs.com,Female,Croatia,qq.com,1961-08-28
963,Delainey,Odcroft,dodcroftqq@360.cn,Male,Indonesia,xing.com,2021-09-11
964,Mufinella,McQuaid,mmcquaidqr@privacy.gov.au,Female,Nicaragua,w3.org,1978-02-23
965,Georgeta,Merkel,gmerkelqs@dot.gov,Female,Mexico,europa.eu,1957-05-28
966,Shellysheldon,Redding,sreddingqt@loc.gov,Genderfluid,China,chron.com,2019-10-16
967,Bennie,Connick,bconnickqu@quantcast.com,Male,Russia,thetimes.co.uk,2000-07-21
968,Eugine,Tyzack,etyzackqv@nba.com,Polygender,China,nsw.gov.au,1996-05-27
969,Davon,Portress,dportressqw@diigo.com,Male,Mali,istockphoto.com,1971-04-18
970,Pamela,Scullard,pscullardqx@soundcloud.com,Female,Costa Rica,oakley.com,1940-12-16
971,Dex,Rosencrantz,drosencrantzqy@shareasale.com,Male,Indonesia,noaa.gov,1950-01-03
972,Norma,Kleinerman,nkleinermanqz@com.com,Female,China,ameblo.jp,1968-05-06
973,Cathleen,Shapcott,cshapcottr0@tiny.cc,Female,Tajikistan,digg.com,1963-10-15
974,Kerri,Wiggett,kwiggettr1@dailymail.co.uk,Agender,Vietnam,toplist.cz,1956-06-01
975,Mil,Guerin,mguerinr2@yahoo.co.jp,Female,United States,ycombinator.com,1954-06-21
976,Maris,Kington,mkingtonr3@aol.com,Female,Japan,usa.gov,2006-12-14
977,Monique,Noads,mnoadsr4@infoseek.co.jp,Female,Serbia,unc.edu,1932-04-26
978,Tyrone,Fawdrie,tfawdrier5@mac.com,Male,Peru,fema.gov,2002-01-24
979,Jim,Skingley,jskingleyr6@lycos.com,Male,Luxembourg,plala.or.jp,1945-11-16
980,Lodovico,Gemnett,lgemnettr7@mozilla.org,Male,Portugal,trellian.com,1951-10-13
981,Cesare,Hagerty,chagertyr8@arstechnica.com,Male,Panama,reverbnation.com,1999-11-18
982,Hermon,Crowther,hcrowtherr9@usnews.com,Male,Poland,ucoz.ru,1989-05-16
983,Tyler,Jollie,tjolliera@plala.or.jp,Male,Japan,answers.com,2010-08-17
984,Charmion,Colebrook,ccolebrookrb@washingtonpost.com,Female,Brazil,i2i.jp,1947-05-05
985,Nobe,Schmuhl,nschmuhlrc@diigo.com,Male,Grenada,intel.com,1935-07-29
986,Lonna,Walch,lwalchrd@diigo.com,Female,China,vkontakte.ru,1946-02-26
987,Cyrill,Birchenough,cbirchenoughre@cpanel.net,Male,Ukraine,symantec.com,1993-07-07
988,Foster,Bavidge,fbavidgerf@hc360.com,Male,Morocco,pbs.org,1940-10-16
989,Halsy,Rollinshaw,hrollinshawrg@microsoft.com,Genderqueer,Brazil,google.com.br,1974-09-02
990,Lisette,Janoch,ljanochrh@samsung.com,Female,Indonesia,linkedin.com,1944-10-11
991,Elaina,Verdie,everdieri@archive.org,Female,Indonesia,bloglines.com,1998-04-08
992,Cinda,Blaik,cblaikrj@ezinearticles.com,Female,France,4shared.com,2005-03-14
993,Joshia,Pellamont,jpellamontrk@mayoclinic.com,Male,Ukraine,dmoz.org,1945-10-03
994,Grady,Hutcheon,ghutcheonrl@godaddy.com,Male,Poland,tiny.cc,1987-12-02
995,Ogdon,Snassell,osnassellrm@mac.com,Male,China,posterous.com,1956-02-07
996,Peirce,Maplethorpe,pmaplethorpern@fema.gov,Male,Philippines,sbwire.com,2008-03-25
997,Jay,Pyatt,jpyattro@bing.com,Male,Brazil,eepurl.com,1985-04-18
998,Vinnie,Pottinger,vpottingerrp@wikispaces.com,Female,Indonesia,booking.com,1996-08-21
999,Salaidh,Wanne,swannerq@patch.com,Female,Iran,ameblo.jp,1997-03-14
1000,Thedrick,Rusbridge,trusbridgerr@soup.io,Male,Brazil,soup.io,1989-01-23
